Time(UTC),Symbol,Funding Rate
2022-09-04 00:00:00,ETHUSDT,-0.00005879
2022-09-03 16:00:00,ETHUSDT,-0.000117
2022-09-03 08:00:00,ETHUSDT,-0.00009652
2022-09-03 00:00:00,ETHUSDT,-0.00008589
2022-09-02 16:00:00,ETHUSDT,-0.00006629
2022-09-02 08:00:00,ETHUSDT,0.00004905
2022-09-02 00:00:00,ETHUSDT,0.00001018
2022-09-01 16:00:00,ETHUSDT,-0.00004119
2022-09-01 08:00:00,ETHUSDT,-0.00004375
2022-09-01 00:00:00,ETHUSDT,-0.00004994
2022-08-31 16:00:00,ETHUSDT,-0.00006574
2022-08-31 08:00:00,ETHUSDT,-0.00004789
2022-08-31 00:00:00,ETHUSDT,-0.00006389
2022-08-30 16:00:00,ETHUSDT,-0.0000962
2022-08-30 08:00:00,ETHUSDT,-0.00014886
2022-08-30 00:00:00,ETHUSDT,-0.00023703
2022-08-29 16:00:00,ETHUSDT,-0.00014834
2022-08-29 08:00:00,ETHUSDT,-0.0001937
2022-08-29 00:00:00,ETHUSDT,-0.00005717
2022-08-28 16:00:00,ETHUSDT,-0.00005436
2022-08-28 08:00:00,ETHUSDT,-0.00021377
2022-08-28 00:00:00,ETHUSDT,-0.00022757
2022-08-27 16:00:00,ETHUSDT,-0.00014661
2022-08-27 08:00:00,ETHUSDT,-0.00013472
2022-08-27 00:00:00,ETHUSDT,-0.00003206
2022-08-26 16:00:00,ETHUSDT,0.00006457
2022-08-26 08:00:00,ETHUSDT,-0.00011519
2022-08-26 00:00:00,ETHUSDT,-0.00008261
2022-08-25 16:00:00,ETHUSDT,-0.00005022
2022-08-25 08:00:00,ETHUSDT,-0.00009205
2022-08-25 00:00:00,ETHUSDT,-0.0001011
2022-08-24 16:00:00,ETHUSDT,0.00000116
2022-08-24 08:00:00,ETHUSDT,-0.00004893
2022-08-24 00:00:00,ETHUSDT,-0.00025069
2022-08-23 16:00:00,ETHUSDT,-0.00022282
2022-08-23 08:00:00,ETHUSDT,-0.00008816
2022-08-23 00:00:00,ETHUSDT,-0.00001255
2022-08-22 16:00:00,ETHUSDT,-0.00009265
2022-08-22 08:00:00,ETHUSDT,-0.00004481
2022-08-22 00:00:00,ETHUSDT,-0.00008618
2022-08-21 16:00:00,ETHUSDT,-0.0000269
2022-08-21 08:00:00,ETHUSDT,-0.00003727
2022-08-21 00:00:00,ETHUSDT,-0.0000013
2022-08-20 16:00:00,ETHUSDT,0.00006202
2022-08-20 08:00:00,ETHUSDT,0.00004262
2022-08-20 00:00:00,ETHUSDT,0.00007348
2022-08-19 16:00:00,ETHUSDT,0.0001
2022-08-19 08:00:00,ETHUSDT,0.0000938
2022-08-19 00:00:00,ETHUSDT,-0.0000588
2022-08-18 16:00:00,ETHUSDT,-0.00000811
2022-08-18 08:00:00,ETHUSDT,0.0001
2022-08-18 00:00:00,ETHUSDT,0.0001
2022-08-17 16:00:00,ETHUSDT,0.0001
2022-08-17 08:00:00,ETHUSDT,0.0001
2022-08-17 00:00:00,ETHUSDT,0.0001
2022-08-16 16:00:00,ETHUSDT,0.0001
2022-08-16 08:00:00,ETHUSDT,0.0001
2022-08-16 00:00:00,ETHUSDT,0.0001
2022-08-15 16:00:00,ETHUSDT,0.0001
2022-08-15 08:00:00,ETHUSDT,0.0001
2022-08-15 00:00:00,ETHUSDT,0.0001
2022-08-14 16:00:00,ETHUSDT,0.0001
2022-08-14 08:00:00,ETHUSDT,0.0001
2022-08-14 00:00:00,ETHUSDT,0.0001
2022-08-13 16:00:00,ETHUSDT,0.0001
2022-08-13 08:00:00,ETHUSDT,0.0001
2022-08-13 00:00:00,ETHUSDT,0.0001
2022-08-12 16:00:00,ETHUSDT,0.0001
2022-08-12 08:00:00,ETHUSDT,0.0001
2022-08-12 00:00:00,ETHUSDT,0.0001
2022-08-11 16:00:00,ETHUSDT,0.0001
2022-08-11 08:00:00,ETHUSDT,0.0001
2022-08-11 00:00:00,ETHUSDT,0.0001
2022-08-10 16:00:00,ETHUSDT,0.0001
2022-08-10 08:00:00,ETHUSDT,0.0001
2022-08-10 00:00:00,ETHUSDT,0.0001
2022-08-09 16:00:00,ETHUSDT,0.0001
2022-08-09 08:00:00,ETHUSDT,0.0001
2022-08-09 00:00:00,ETHUSDT,0.0001
2022-08-08 16:00:00,ETHUSDT,0.0001
2022-08-08 08:00:00,ETHUSDT,0.0001
2022-08-08 00:00:00,ETHUSDT,0.00006047
2022-08-07 16:00:00,ETHUSDT,0.0000579
2022-08-07 08:00:00,ETHUSDT,0.00001676
2022-08-07 00:00:00,ETHUSDT,0.00001077
2022-08-06 16:00:00,ETHUSDT,0.0001
2022-08-06 08:00:00,ETHUSDT,0.0001
2022-08-06 00:00:00,ETHUSDT,0.00008938
2022-08-05 16:00:00,ETHUSDT,0.00005306
2022-08-05 08:00:00,ETHUSDT,-0.0000346
2022-08-05 00:00:00,ETHUSDT,-0.00003429
2022-08-04 16:00:00,ETHUSDT,0.0000529
2022-08-04 08:00:00,ETHUSDT,0.00007507
2022-08-04 00:00:00,ETHUSDT,0.00006919
2022-08-03 16:00:00,ETHUSDT,-0.00005662
2022-08-03 08:00:00,ETHUSDT,-0.00005425
2022-08-03 00:00:00,ETHUSDT,-0.00000561
2022-08-02 16:00:00,ETHUSDT,-0.00006226
2022-08-02 08:00:00,ETHUSDT,0.0001
2022-08-02 00:00:00,ETHUSDT,0.0001
2022-08-01 16:00:00,ETHUSDT,0.0000666
2022-08-01 08:00:00,ETHUSDT,-0.00000442
2022-08-01 00:00:00,ETHUSDT,0.0001
2022-07-31 16:00:00,ETHUSDT,0.0001
2022-07-31 08:00:00,ETHUSDT,0.0001
2022-07-31 00:00:00,ETHUSDT,0.00006426
2022-07-30 16:00:00,ETHUSDT,0.00001731
2022-07-30 08:00:00,ETHUSDT,0.0001
2022-07-30 00:00:00,ETHUSDT,0.0001
2022-07-29 16:00:00,ETHUSDT,0.0001
2022-07-29 08:00:00,ETHUSDT,0.0001
2022-07-29 00:00:00,ETHUSDT,0.0001
2022-07-28 16:00:00,ETHUSDT,0.0001
2022-07-28 08:00:00,ETHUSDT,0.0000374
2022-07-28 00:00:00,ETHUSDT,0.00000583
2022-07-27 16:00:00,ETHUSDT,0.00004338
2022-07-27 08:00:00,ETHUSDT,0.0001
2022-07-27 00:00:00,ETHUSDT,0.00003821
2022-07-26 16:00:00,ETHUSDT,0.0001
2022-07-26 08:00:00,ETHUSDT,0.0001
2022-07-26 00:00:00,ETHUSDT,0.0001
2022-07-25 16:00:00,ETHUSDT,0.0001
2022-07-25 08:00:00,ETHUSDT,0.0001
2022-07-25 00:00:00,ETHUSDT,0.0001
2022-07-24 16:00:00,ETHUSDT,0.0001
2022-07-24 08:00:00,ETHUSDT,0.0001
2022-07-24 00:00:00,ETHUSDT,0.0001
2022-07-23 16:00:00,ETHUSDT,0.0001
2022-07-23 08:00:00,ETHUSDT,0.0000676
2022-07-23 00:00:00,ETHUSDT,0.0001
2022-07-22 16:00:00,ETHUSDT,0.0001
2022-07-22 08:00:00,ETHUSDT,0.0001
2022-07-22 00:00:00,ETHUSDT,0.0001
2022-07-21 16:00:00,ETHUSDT,0.0001
2022-07-21 08:00:00,ETHUSDT,0.0001
2022-07-21 00:00:00,ETHUSDT,0.0001
2022-07-20 16:00:00,ETHUSDT,0.0001
2022-07-20 08:00:00,ETHUSDT,0.0001
2022-07-20 00:00:00,ETHUSDT,0.0001
2022-07-19 16:00:00,ETHUSDT,0.0001
2022-07-19 08:00:00,ETHUSDT,0.0001
2022-07-19 00:00:00,ETHUSDT,0.00005682
2022-07-18 16:00:00,ETHUSDT,0.00007249
2022-07-18 08:00:00,ETHUSDT,0.00003604
2022-07-18 00:00:00,ETHUSDT,0.0000373
2022-07-17 16:00:00,ETHUSDT,0.00005406
2022-07-17 08:00:00,ETHUSDT,0.0001
2022-07-17 00:00:00,ETHUSDT,0.0001
2022-07-16 16:00:00,ETHUSDT,0.00005678
2022-07-16 08:00:00,ETHUSDT,0.00001282
2022-07-16 00:00:00,ETHUSDT,-0.00004383
2022-07-15 16:00:00,ETHUSDT,-0.00002364
2022-07-15 08:00:00,ETHUSDT,0.00008075
2022-07-15 00:00:00,ETHUSDT,0.0001
2022-07-14 16:00:00,ETHUSDT,0.00002218
2022-07-14 08:00:00,ETHUSDT,-0.00000077
2022-07-14 00:00:00,ETHUSDT,-0.00006481
2022-07-13 16:00:00,ETHUSDT,-0.00014763
2022-07-13 08:00:00,ETHUSDT,-0.00013127
2022-07-13 00:00:00,ETHUSDT,-0.0001107
2022-07-12 16:00:00,ETHUSDT,-0.00004235
2022-07-12 08:00:00,ETHUSDT,0.00001116
2022-07-12 00:00:00,ETHUSDT,0.0001
2022-07-11 16:00:00,ETHUSDT,0.0001
2022-07-11 08:00:00,ETHUSDT,0.0001
2022-07-11 00:00:00,ETHUSDT,0.00006545
2022-07-10 16:00:00,ETHUSDT,0.0001
2022-07-10 08:00:00,ETHUSDT,0.0001
2022-07-10 00:00:00,ETHUSDT,0.0001
2022-07-09 16:00:00,ETHUSDT,0.00008987
2022-07-09 08:00:00,ETHUSDT,0.0001
2022-07-09 00:00:00,ETHUSDT,0.0001
2022-07-08 16:00:00,ETHUSDT,0.0000427
2022-07-08 08:00:00,ETHUSDT,0.0001
2022-07-08 00:00:00,ETHUSDT,0.0001
2022-07-07 16:00:00,ETHUSDT,-0.00000742
2022-07-07 08:00:00,ETHUSDT,0.0001
2022-07-07 00:00:00,ETHUSDT,0.0001
2022-07-06 16:00:00,ETHUSDT,0.0001
2022-07-06 08:00:00,ETHUSDT,0.0001
2022-07-06 00:00:00,ETHUSDT,-0.0000454
2022-07-05 16:00:00,ETHUSDT,0.00006601
2022-07-05 08:00:00,ETHUSDT,-0.00020321
2022-07-05 00:00:00,ETHUSDT,0.00000413
2022-07-04 16:00:00,ETHUSDT,-0.00011853
2022-07-04 08:00:00,ETHUSDT,0.0001
2022-07-04 00:00:00,ETHUSDT,-0.00027052
2022-07-03 16:00:00,ETHUSDT,0.0001
2022-07-03 08:00:00,ETHUSDT,0.0001
2022-07-03 00:00:00,ETHUSDT,0.00000954
2022-07-02 16:00:00,ETHUSDT,-0.00003792
2022-07-02 08:00:00,ETHUSDT,0.0001
2022-07-02 00:00:00,ETHUSDT,-0.00000979
2022-07-01 16:00:00,ETHUSDT,0.00006238
2022-07-01 08:00:00,ETHUSDT,-0.00011184
2022-07-01 00:00:00,ETHUSDT,-0.00023122
2022-06-30 16:00:00,ETHUSDT,-0.0001122
2022-06-30 08:00:00,ETHUSDT,0.00000997
2022-06-30 00:00:00,ETHUSDT,0.00009238
2022-06-29 16:00:00,ETHUSDT,0.0000261
2022-06-29 08:00:00,ETHUSDT,0.0001
2022-06-29 00:00:00,ETHUSDT,0.00006398
2022-06-28 16:00:00,ETHUSDT,0.0001
2022-06-28 08:00:00,ETHUSDT,-0.00011111
2022-06-28 00:00:00,ETHUSDT,0.0000396
2022-06-27 16:00:00,ETHUSDT,-0.00014203
2022-06-27 08:00:00,ETHUSDT,-0.00015829
2022-06-27 00:00:00,ETHUSDT,-0.00012584
2022-06-26 16:00:00,ETHUSDT,0.00001664
2022-06-26 08:00:00,ETHUSDT,-0.00020625
2022-06-26 00:00:00,ETHUSDT,-0.00007988
2022-06-25 16:00:00,ETHUSDT,0.0001
2022-06-25 08:00:00,ETHUSDT,-0.00002735
2022-06-25 00:00:00,ETHUSDT,0.00003978
2022-06-24 16:00:00,ETHUSDT,-0.00008733
2022-06-24 08:00:00,ETHUSDT,0.0000155
2022-06-24 00:00:00,ETHUSDT,0.00005248
2022-06-23 16:00:00,ETHUSDT,-0.00009749
2022-06-23 08:00:00,ETHUSDT,-0.00000644
2022-06-23 00:00:00,ETHUSDT,0.00001172
2022-06-22 16:00:00,ETHUSDT,0.00009173
2022-06-22 08:00:00,ETHUSDT,0.00001795
2022-06-22 00:00:00,ETHUSDT,0.00008147
2022-06-21 16:00:00,ETHUSDT,0.0001
2022-06-21 08:00:00,ETHUSDT,0.0001
2022-06-21 00:00:00,ETHUSDT,0.0001
2022-06-20 16:00:00,ETHUSDT,-0.00012696
2022-06-20 08:00:00,ETHUSDT,0.00001168
2022-06-20 00:00:00,ETHUSDT,0.00006291
2022-06-19 16:00:00,ETHUSDT,-0.00024002
2022-06-19 08:00:00,ETHUSDT,-0.00015603
2022-06-19 00:00:00,ETHUSDT,-0.00014613
2022-06-18 16:00:00,ETHUSDT,-0.00023723
2022-06-18 08:00:00,ETHUSDT,0.0001
2022-06-18 00:00:00,ETHUSDT,-0.00002069
2022-06-17 16:00:00,ETHUSDT,-0.00006627
2022-06-17 08:00:00,ETHUSDT,0.00001742
2022-06-17 00:00:00,ETHUSDT,-0.00000415
2022-06-16 16:00:00,ETHUSDT,0.00001329
2022-06-16 08:00:00,ETHUSDT,0.0001
2022-06-16 00:00:00,ETHUSDT,0.00003321
2022-06-15 16:00:00,ETHUSDT,0.0001
2022-06-15 08:00:00,ETHUSDT,-0.00008107
2022-06-15 00:00:00,ETHUSDT,0.0001
2022-06-14 16:00:00,ETHUSDT,0.00006563
2022-06-14 08:00:00,ETHUSDT,0.0001
2022-06-14 00:00:00,ETHUSDT,0.0001
2022-06-13 16:00:00,ETHUSDT,0.00004072
2022-06-13 08:00:00,ETHUSDT,0.0001
2022-06-13 00:00:00,ETHUSDT,0.00005612
2022-06-12 16:00:00,ETHUSDT,-0.00018475
2022-06-12 08:00:00,ETHUSDT,0.00006071
2022-06-12 00:00:00,ETHUSDT,-0.0000219
2022-06-11 16:00:00,ETHUSDT,-0.00000321
2022-06-11 08:00:00,ETHUSDT,-0.0000571
2022-06-11 00:00:00,ETHUSDT,-0.00002983
2022-06-10 16:00:00,ETHUSDT,0.0001
2022-06-10 08:00:00,ETHUSDT,0.0001
2022-06-10 00:00:00,ETHUSDT,0.0001
2022-06-09 16:00:00,ETHUSDT,0.00008878
2022-06-09 08:00:00,ETHUSDT,0.0001
2022-06-09 00:00:00,ETHUSDT,0.0001
2022-06-08 16:00:00,ETHUSDT,0.0001
2022-06-08 08:00:00,ETHUSDT,0.0001
2022-06-08 00:00:00,ETHUSDT,0.00008068
2022-06-07 16:00:00,ETHUSDT,-0.00000922
2022-06-07 08:00:00,ETHUSDT,0.0001
2022-06-07 00:00:00,ETHUSDT,0.00006952
2022-06-06 16:00:00,ETHUSDT,0.00004325
2022-06-06 08:00:00,ETHUSDT,0.0001
2022-06-06 00:00:00,ETHUSDT,0.0001
2022-06-05 16:00:00,ETHUSDT,0.0001
2022-06-05 08:00:00,ETHUSDT,0.0001
2022-06-05 00:00:00,ETHUSDT,0.0001
2022-06-04 16:00:00,ETHUSDT,0.0001
2022-06-04 08:00:00,ETHUSDT,0.0001
2022-06-04 00:00:00,ETHUSDT,0.0001
2022-06-03 16:00:00,ETHUSDT,0.0001
2022-06-03 08:00:00,ETHUSDT,0.0001
2022-06-03 00:00:00,ETHUSDT,0.00008391
2022-06-02 16:00:00,ETHUSDT,0.00006392
2022-06-02 08:00:00,ETHUSDT,0.00001063
2022-06-02 00:00:00,ETHUSDT,0.0001
2022-06-01 16:00:00,ETHUSDT,0.0001
2022-06-01 08:00:00,ETHUSDT,0.0001
2022-06-01 00:00:00,ETHUSDT,0.0001
2022-05-31 16:00:00,ETHUSDT,0.0001
2022-05-31 08:00:00,ETHUSDT,-0.00002961
2022-05-31 00:00:00,ETHUSDT,0.0001
2022-05-30 16:00:00,ETHUSDT,-0.00004053
2022-05-30 08:00:00,ETHUSDT,0.00007828
2022-05-30 00:00:00,ETHUSDT,0.00007281
2022-05-29 16:00:00,ETHUSDT,0.0001
2022-05-29 08:00:00,ETHUSDT,0.0000002
2022-05-29 00:00:00,ETHUSDT,0.0001
2022-05-28 16:00:00,ETHUSDT,0.0001
2022-05-28 08:00:00,ETHUSDT,0.0001
2022-05-28 00:00:00,ETHUSDT,0.0001
2022-05-27 16:00:00,ETHUSDT,0.00005805
2022-05-27 08:00:00,ETHUSDT,0.0001
2022-05-27 00:00:00,ETHUSDT,-0.0000088
2022-05-26 16:00:00,ETHUSDT,0.0001
2022-05-26 08:00:00,ETHUSDT,0.0001
2022-05-26 00:00:00,ETHUSDT,0.0001
2022-05-25 16:00:00,ETHUSDT,0.0001
2022-05-25 08:00:00,ETHUSDT,0.0001
2022-05-25 00:00:00,ETHUSDT,0.00003143
2022-05-24 16:00:00,ETHUSDT,-0.00000542
2022-05-24 08:00:00,ETHUSDT,0.00005353
2022-05-24 00:00:00,ETHUSDT,0.0001
2022-05-23 16:00:00,ETHUSDT,0.0001
2022-05-23 08:00:00,ETHUSDT,0.0001
2022-05-23 00:00:00,ETHUSDT,0.0001
2022-05-22 16:00:00,ETHUSDT,0.00000475
2022-05-22 08:00:00,ETHUSDT,0.00009856
2022-05-22 00:00:00,ETHUSDT,0.00002932
2022-05-21 16:00:00,ETHUSDT,0.00008513
2022-05-21 08:00:00,ETHUSDT,0.00001782
2022-05-21 00:00:00,ETHUSDT,0.0001
2022-05-20 16:00:00,ETHUSDT,0.0001
2022-05-20 08:00:00,ETHUSDT,0.0001
2022-05-20 00:00:00,ETHUSDT,0.0000854
2022-05-19 16:00:00,ETHUSDT,-0.00004835
2022-05-19 08:00:00,ETHUSDT,-0.00001381
2022-05-19 00:00:00,ETHUSDT,-0.00003401
2022-05-18 16:00:00,ETHUSDT,0.00004942
2022-05-18 08:00:00,ETHUSDT,0.0001
2022-05-18 00:00:00,ETHUSDT,0.0001
2022-05-17 16:00:00,ETHUSDT,0.0000166
2022-05-17 08:00:00,ETHUSDT,0.0001
2022-05-17 00:00:00,ETHUSDT,0.0001
2022-05-16 16:00:00,ETHUSDT,0.0001
2022-05-16 08:00:00,ETHUSDT,0.0001
2022-05-16 00:00:00,ETHUSDT,0.0001
2022-05-15 16:00:00,ETHUSDT,0.0001
2022-05-15 08:00:00,ETHUSDT,0.0001
2022-05-15 00:00:00,ETHUSDT,0.0001
2022-05-14 16:00:00,ETHUSDT,0.0001
2022-05-14 08:00:00,ETHUSDT,0.0001
2022-05-14 00:00:00,ETHUSDT,0.0001
2022-05-13 16:00:00,ETHUSDT,0.00006227
2022-05-13 08:00:00,ETHUSDT,0.0001
2022-05-13 00:00:00,ETHUSDT,-0.00021316
2022-05-12 16:00:00,ETHUSDT,-0.00046214
2022-05-12 08:00:00,ETHUSDT,0.0001
2022-05-12 00:00:00,ETHUSDT,0.0001
2022-05-11 16:00:00,ETHUSDT,0.0001
2022-05-11 08:00:00,ETHUSDT,0.0001
2022-05-11 00:00:00,ETHUSDT,0.0001
2022-05-10 16:00:00,ETHUSDT,0.0001
2022-05-10 08:00:00,ETHUSDT,0.0001
2022-05-10 00:00:00,ETHUSDT,0.0001
2022-05-09 16:00:00,ETHUSDT,0.0001
2022-05-09 08:00:00,ETHUSDT,0.0001
2022-05-09 00:00:00,ETHUSDT,0.0001
2022-05-08 16:00:00,ETHUSDT,0.0001
2022-05-08 08:00:00,ETHUSDT,0.0001
2022-05-08 00:00:00,ETHUSDT,0.0001
2022-05-07 16:00:00,ETHUSDT,0.0001
2022-05-07 08:00:00,ETHUSDT,0.0001
2022-05-07 00:00:00,ETHUSDT,0.0001
2022-05-06 16:00:00,ETHUSDT,-0.00006668
2022-05-06 08:00:00,ETHUSDT,0.0001
2022-05-06 00:00:00,ETHUSDT,0.0001
2022-05-05 16:00:00,ETHUSDT,0.0001
2022-05-05 08:00:00,ETHUSDT,0.0001
2022-05-05 00:00:00,ETHUSDT,0.0001
2022-05-04 16:00:00,ETHUSDT,0.0001
2022-05-04 08:00:00,ETHUSDT,0.0001
2022-05-04 00:00:00,ETHUSDT,0.0001
2022-05-03 16:00:00,ETHUSDT,0.00002759
2022-05-03 08:00:00,ETHUSDT,0.0001
2022-05-03 00:00:00,ETHUSDT,0.0000579
2022-05-02 16:00:00,ETHUSDT,-0.00007234
2022-05-02 08:00:00,ETHUSDT,0.00002405
2022-05-02 00:00:00,ETHUSDT,-0.00013576
2022-05-01 16:00:00,ETHUSDT,-0.00018161
2022-05-01 08:00:00,ETHUSDT,-0.00003574
2022-05-01 00:00:00,ETHUSDT,-0.00012793
2022-04-30 16:00:00,ETHUSDT,-0.00005608
2022-04-30 08:00:00,ETHUSDT,-0.0000791
2022-04-30 00:00:00,ETHUSDT,0.0001
2022-04-29 16:00:00,ETHUSDT,0.0001
2022-04-29 08:00:00,ETHUSDT,0.0001
2022-04-29 00:00:00,ETHUSDT,0.0001
2022-04-28 16:00:00,ETHUSDT,0.0001
2022-04-28 08:00:00,ETHUSDT,0.0001
2022-04-28 00:00:00,ETHUSDT,0.0001
2022-04-27 16:00:00,ETHUSDT,-0.00024776
2022-04-27 08:00:00,ETHUSDT,0.00001353
2022-04-27 00:00:00,ETHUSDT,0.0001
2022-04-26 16:00:00,ETHUSDT,0.0001
2022-04-26 08:00:00,ETHUSDT,0.0001
2022-04-26 00:00:00,ETHUSDT,-0.00016636
2022-04-25 16:00:00,ETHUSDT,-0.00018573
2022-04-25 08:00:00,ETHUSDT,0.00002252
2022-04-25 00:00:00,ETHUSDT,-0.00001578
2022-04-24 16:00:00,ETHUSDT,0.00002485
2022-04-24 08:00:00,ETHUSDT,-0.00002685
2022-04-24 00:00:00,ETHUSDT,0.0000773
2022-04-23 16:00:00,ETHUSDT,-0.00011081
2022-04-23 08:00:00,ETHUSDT,0.0001
2022-04-23 00:00:00,ETHUSDT,-0.00002008
2022-04-22 16:00:00,ETHUSDT,0.00003451
2022-04-22 08:00:00,ETHUSDT,-0.00004297
2022-04-22 00:00:00,ETHUSDT,0.0001
2022-04-21 16:00:00,ETHUSDT,0.00000952
2022-04-21 08:00:00,ETHUSDT,-0.00005296
2022-04-21 00:00:00,ETHUSDT,0.00009603
2022-04-20 16:00:00,ETHUSDT,-0.00019279
2022-04-20 08:00:00,ETHUSDT,0.0001
2022-04-20 00:00:00,ETHUSDT,0.00001108
2022-04-19 16:00:00,ETHUSDT,0.0001
2022-04-19 08:00:00,ETHUSDT,0.0001
2022-04-19 00:00:00,ETHUSDT,0.00002639
2022-04-18 16:00:00,ETHUSDT,-0.00009654
2022-04-18 08:00:00,ETHUSDT,0.0000634
2022-04-18 00:00:00,ETHUSDT,0.00002015
2022-04-17 16:00:00,ETHUSDT,-0.00027831
2022-04-17 08:00:00,ETHUSDT,0.00005012
2022-04-17 00:00:00,ETHUSDT,0.00009501
2022-04-16 16:00:00,ETHUSDT,-0.00005437
2022-04-16 08:00:00,ETHUSDT,-0.00005886
2022-04-16 00:00:00,ETHUSDT,0.00000019
2022-04-15 16:00:00,ETHUSDT,-0.0000966
2022-04-15 08:00:00,ETHUSDT,-0.00009363
2022-04-15 00:00:00,ETHUSDT,0.00008332
2022-04-14 16:00:00,ETHUSDT,-0.00008051
2022-04-14 08:00:00,ETHUSDT,-0.00005085
2022-04-14 00:00:00,ETHUSDT,0.0001
2022-04-13 16:00:00,ETHUSDT,-0.00016488
2022-04-13 08:00:00,ETHUSDT,0.0000766
2022-04-13 00:00:00,ETHUSDT,-0.00011606
2022-04-12 16:00:00,ETHUSDT,0.0001
2022-04-12 08:00:00,ETHUSDT,-0.00003989
2022-04-12 00:00:00,ETHUSDT,0.0001
2022-04-11 16:00:00,ETHUSDT,0.00009007
2022-04-11 08:00:00,ETHUSDT,-0.00002266
2022-04-11 00:00:00,ETHUSDT,0.0001
2022-04-10 16:00:00,ETHUSDT,0.00009453
2022-04-10 08:00:00,ETHUSDT,0.0001
2022-04-10 00:00:00,ETHUSDT,0.0001
2022-04-09 16:00:00,ETHUSDT,0.0001
2022-04-09 08:00:00,ETHUSDT,0.0001
2022-04-09 00:00:00,ETHUSDT,0.0001
2022-04-08 16:00:00,ETHUSDT,0.00006724
2022-04-08 08:00:00,ETHUSDT,-0.00002955
2022-04-08 00:00:00,ETHUSDT,0.0001
2022-04-07 16:00:00,ETHUSDT,0.0001
2022-04-07 08:00:00,ETHUSDT,0.0001
2022-04-07 00:00:00,ETHUSDT,0.0001
2022-04-06 16:00:00,ETHUSDT,-0.00011924
2022-04-06 08:00:00,ETHUSDT,0.0001
2022-04-06 00:00:00,ETHUSDT,0.0001
2022-04-05 16:00:00,ETHUSDT,0.0001
2022-04-05 08:00:00,ETHUSDT,0.0001
2022-04-05 00:00:00,ETHUSDT,0.0001
2022-04-04 16:00:00,ETHUSDT,0.00006378
2022-04-04 08:00:00,ETHUSDT,0.0001
2022-04-04 00:00:00,ETHUSDT,0.0001
2022-04-03 16:00:00,ETHUSDT,0.0001
2022-04-03 08:00:00,ETHUSDT,0.0001
2022-04-03 00:00:00,ETHUSDT,0.0001
2022-04-02 16:00:00,ETHUSDT,0.0001
2022-04-02 08:00:00,ETHUSDT,0.0001
2022-04-02 00:00:00,ETHUSDT,0.0001
2022-04-01 16:00:00,ETHUSDT,0.0001
2022-04-01 08:00:00,ETHUSDT,0.0001
2022-04-01 00:00:00,ETHUSDT,0.0001
2022-03-31 16:00:00,ETHUSDT,0.0001
2022-03-31 08:00:00,ETHUSDT,0.0001
2022-03-31 00:00:00,ETHUSDT,0.0001
2022-03-30 16:00:00,ETHUSDT,0.0001
2022-03-30 08:00:00,ETHUSDT,0.0001
2022-03-30 00:00:00,ETHUSDT,0.00005825
2022-03-29 16:00:00,ETHUSDT,0.0001
2022-03-29 08:00:00,ETHUSDT,0.00006933
2022-03-29 00:00:00,ETHUSDT,0.0001
2022-03-28 16:00:00,ETHUSDT,0.0001
2022-03-28 08:00:00,ETHUSDT,0.00008817
2022-03-28 00:00:00,ETHUSDT,0.0000027
2022-03-27 16:00:00,ETHUSDT,-0.00004939
2022-03-27 08:00:00,ETHUSDT,-0.00001141
2022-03-27 00:00:00,ETHUSDT,0.0001
2022-03-26 16:00:00,ETHUSDT,0.0001
2022-03-26 08:00:00,ETHUSDT,0.0001
2022-03-26 00:00:00,ETHUSDT,0.0001
2022-03-25 16:00:00,ETHUSDT,0.0001
2022-03-25 08:00:00,ETHUSDT,0.0001
2022-03-25 00:00:00,ETHUSDT,0.0001
2022-03-24 16:00:00,ETHUSDT,0.0001
2022-03-24 08:00:00,ETHUSDT,0.00003943
2022-03-24 00:00:00,ETHUSDT,-0.00010815
2022-03-23 16:00:00,ETHUSDT,0.00001598
2022-03-23 08:00:00,ETHUSDT,0.0001
2022-03-23 00:00:00,ETHUSDT,0.0001
2022-03-22 16:00:00,ETHUSDT,0.0001
2022-03-22 08:00:00,ETHUSDT,0.0001
2022-03-22 00:00:00,ETHUSDT,0.00001366
2022-03-21 16:00:00,ETHUSDT,0.0001
2022-03-21 08:00:00,ETHUSDT,0.0001
2022-03-21 00:00:00,ETHUSDT,0.0001
2022-03-20 16:00:00,ETHUSDT,0.0001
2022-03-20 08:00:00,ETHUSDT,0.0001
2022-03-20 00:00:00,ETHUSDT,0.00007574
2022-03-19 16:00:00,ETHUSDT,0.0001
2022-03-19 08:00:00,ETHUSDT,0.00001623
2022-03-19 00:00:00,ETHUSDT,-0.00019522
2022-03-18 16:00:00,ETHUSDT,-0.00003593
2022-03-18 08:00:00,ETHUSDT,-0.00015299
2022-03-18 00:00:00,ETHUSDT,0.0000288
2022-03-17 16:00:00,ETHUSDT,0.0001
2022-03-17 08:00:00,ETHUSDT,0.0001
2022-03-17 00:00:00,ETHUSDT,0.00007833
2022-03-16 16:00:00,ETHUSDT,0.0001
2022-03-16 08:00:00,ETHUSDT,0.0001
2022-03-16 00:00:00,ETHUSDT,0.00007174
2022-03-15 16:00:00,ETHUSDT,0.00006663
2022-03-15 08:00:00,ETHUSDT,0.0001
2022-03-15 00:00:00,ETHUSDT,0.0001
2022-03-14 16:00:00,ETHUSDT,0.0001
2022-03-14 08:00:00,ETHUSDT,0.0001
2022-03-14 00:00:00,ETHUSDT,0.0001
2022-03-13 16:00:00,ETHUSDT,0.0001
2022-03-13 08:00:00,ETHUSDT,0.0001
2022-03-13 00:00:00,ETHUSDT,0.0001
2022-03-12 16:00:00,ETHUSDT,0.00004559
2022-03-12 08:00:00,ETHUSDT,0.0001
2022-03-12 00:00:00,ETHUSDT,0.0001
2022-03-11 16:00:00,ETHUSDT,-0.00001171
2022-03-11 08:00:00,ETHUSDT,0.0001
2022-03-11 00:00:00,ETHUSDT,0.00008861
2022-03-10 16:00:00,ETHUSDT,0.0001
2022-03-10 08:00:00,ETHUSDT,0.0001
2022-03-10 00:00:00,ETHUSDT,0.0001
2022-03-09 16:00:00,ETHUSDT,0.0001
2022-03-09 08:00:00,ETHUSDT,0.0001
2022-03-09 00:00:00,ETHUSDT,0.0001
2022-03-08 16:00:00,ETHUSDT,0.0001
2022-03-08 08:00:00,ETHUSDT,-0.00003992
2022-03-08 00:00:00,ETHUSDT,0.0001
2022-03-07 16:00:00,ETHUSDT,-0.00014773
2022-03-07 08:00:00,ETHUSDT,-0.00004523
2022-03-07 00:00:00,ETHUSDT,-0.00002026
2022-03-06 16:00:00,ETHUSDT,-0.00004606
2022-03-06 08:00:00,ETHUSDT,-0.00019338
2022-03-06 00:00:00,ETHUSDT,-0.00002432
2022-03-05 16:00:00,ETHUSDT,-0.00023502
2022-03-05 08:00:00,ETHUSDT,0.00004731
2022-03-05 00:00:00,ETHUSDT,-0.00013374
2022-03-04 16:00:00,ETHUSDT,0.00005533
2022-03-04 08:00:00,ETHUSDT,0.0001
2022-03-04 00:00:00,ETHUSDT,0.0001
2022-03-03 16:00:00,ETHUSDT,0.0001
2022-03-03 08:00:00,ETHUSDT,0.0001
2022-03-03 00:00:00,ETHUSDT,0.0001
2022-03-02 16:00:00,ETHUSDT,0.0001
2022-03-02 08:00:00,ETHUSDT,0.0001
2022-03-02 00:00:00,ETHUSDT,0.0001
2022-03-01 16:00:00,ETHUSDT,0.0001
2022-03-01 08:00:00,ETHUSDT,0.0001
2022-03-01 00:00:00,ETHUSDT,0.0001
2022-02-28 16:00:00,ETHUSDT,-0.0001346
2022-02-28 08:00:00,ETHUSDT,-0.00012899
2022-02-28 00:00:00,ETHUSDT,0.0001
2022-02-27 16:00:00,ETHUSDT,-0.00015607
2022-02-27 08:00:00,ETHUSDT,0.00008628
2022-02-27 00:00:00,ETHUSDT,0.0001
2022-02-26 16:00:00,ETHUSDT,0.0001
2022-02-26 08:00:00,ETHUSDT,0.0001
2022-02-26 00:00:00,ETHUSDT,0.0001
2022-02-25 16:00:00,ETHUSDT,0.00003649
2022-02-25 08:00:00,ETHUSDT,0.00002122
2022-02-25 00:00:00,ETHUSDT,0.0001
2022-02-24 16:00:00,ETHUSDT,-0.00004434
2022-02-24 08:00:00,ETHUSDT,0.00006572
2022-02-24 00:00:00,ETHUSDT,-0.00015335
2022-02-23 16:00:00,ETHUSDT,0.0001
2022-02-23 08:00:00,ETHUSDT,0.0001
2022-02-23 00:00:00,ETHUSDT,0.00008223
2022-02-22 16:00:00,ETHUSDT,0.0001
2022-02-22 08:00:00,ETHUSDT,0.0001
2022-02-22 00:00:00,ETHUSDT,0.0001
2022-02-21 16:00:00,ETHUSDT,0.0001
2022-02-21 08:00:00,ETHUSDT,0.0001
2022-02-21 00:00:00,ETHUSDT,0.0001
2022-02-20 16:00:00,ETHUSDT,0.0001
2022-02-20 08:00:00,ETHUSDT,0.0001
2022-02-20 00:00:00,ETHUSDT,0.0001
2022-02-19 16:00:00,ETHUSDT,0.0001
2022-02-19 08:00:00,ETHUSDT,0.0001
2022-02-19 00:00:00,ETHUSDT,0.00009904
2022-02-18 16:00:00,ETHUSDT,0.00002546
2022-02-18 08:00:00,ETHUSDT,0.00008471
2022-02-18 00:00:00,ETHUSDT,0.0001
2022-02-17 16:00:00,ETHUSDT,0.0001
2022-02-17 08:00:00,ETHUSDT,0.0001
2022-02-17 00:00:00,ETHUSDT,0.0001
2022-02-16 16:00:00,ETHUSDT,0.0001
2022-02-16 08:00:00,ETHUSDT,0.0001
2022-02-16 00:00:00,ETHUSDT,-0.00016485
2022-02-15 16:00:00,ETHUSDT,-0.00001226
2022-02-15 08:00:00,ETHUSDT,0.00008828
2022-02-15 00:00:00,ETHUSDT,0.0001
2022-02-14 16:00:00,ETHUSDT,0.0001
2022-02-14 08:00:00,ETHUSDT,0.0001
2022-02-14 00:00:00,ETHUSDT,0.0001
2022-02-13 16:00:00,ETHUSDT,0.00006083
2022-02-13 08:00:00,ETHUSDT,0.0001
2022-02-13 00:00:00,ETHUSDT,0.0001
2022-02-12 16:00:00,ETHUSDT,0.0001
2022-02-12 08:00:00,ETHUSDT,0.0001
2022-02-12 00:00:00,ETHUSDT,0.0001
2022-02-11 16:00:00,ETHUSDT,0.0001
2022-02-11 08:00:00,ETHUSDT,-0.00011149
2022-02-11 00:00:00,ETHUSDT,0.00009719
2022-02-10 16:00:00,ETHUSDT,-0.00003454
2022-02-10 08:00:00,ETHUSDT,-0.00026073
2022-02-10 00:00:00,ETHUSDT,0.00009588
2022-02-09 16:00:00,ETHUSDT,-0.00006157
2022-02-09 08:00:00,ETHUSDT,0.0001
2022-02-09 00:00:00,ETHUSDT,0.0001
2022-02-08 16:00:00,ETHUSDT,0.00006776
2022-02-08 08:00:00,ETHUSDT,0.00003827
2022-02-08 00:00:00,ETHUSDT,0.00009181
2022-02-07 16:00:00,ETHUSDT,0.00003856
2022-02-07 08:00:00,ETHUSDT,0.00006709
2022-02-07 00:00:00,ETHUSDT,0.0001
2022-02-06 16:00:00,ETHUSDT,0.0001
2022-02-06 08:00:00,ETHUSDT,0.0001
2022-02-06 00:00:00,ETHUSDT,0.0001
2022-02-05 16:00:00,ETHUSDT,0.0001
2022-02-05 08:00:00,ETHUSDT,0.0001
2022-02-05 00:00:00,ETHUSDT,0.0001
2022-02-04 16:00:00,ETHUSDT,0.0001
2022-02-04 08:00:00,ETHUSDT,0.0001
2022-02-04 00:00:00,ETHUSDT,0.0001
2022-02-03 16:00:00,ETHUSDT,-0.00000315
2022-02-03 08:00:00,ETHUSDT,-0.0002649
2022-02-03 00:00:00,ETHUSDT,0.0001
2022-02-02 16:00:00,ETHUSDT,0.0001
2022-02-02 08:00:00,ETHUSDT,0.00005108
2022-02-02 00:00:00,ETHUSDT,-0.00017462
2022-02-01 16:00:00,ETHUSDT,-0.00009087
2022-02-01 08:00:00,ETHUSDT,0.0001
2022-02-01 00:00:00,ETHUSDT,-0.00002188
2022-01-31 16:00:00,ETHUSDT,0.0000963
2022-01-31 08:00:00,ETHUSDT,0.0001
2022-01-31 00:00:00,ETHUSDT,-0.00009546
2022-01-30 16:00:00,ETHUSDT,-0.00002573
2022-01-30 08:00:00,ETHUSDT,-0.00009043
2022-01-30 00:00:00,ETHUSDT,-0.00009588
2022-01-29 16:00:00,ETHUSDT,0.0001
2022-01-29 08:00:00,ETHUSDT,0.00000342
2022-01-29 00:00:00,ETHUSDT,0.00007247
2022-01-28 16:00:00,ETHUSDT,0.00002271
2022-01-28 08:00:00,ETHUSDT,0.00009508
2022-01-28 00:00:00,ETHUSDT,-0.00003658
2022-01-27 16:00:00,ETHUSDT,-0.00010449
2022-01-27 08:00:00,ETHUSDT,0.0001
2022-01-27 00:00:00,ETHUSDT,-0.00014121
2022-01-26 16:00:00,ETHUSDT,-0.00002516
2022-01-26 08:00:00,ETHUSDT,-0.00012379
2022-01-26 00:00:00,ETHUSDT,-0.00009989
2022-01-25 16:00:00,ETHUSDT,0.0001
2022-01-25 08:00:00,ETHUSDT,0.0001
2022-01-25 00:00:00,ETHUSDT,0.0000368
2022-01-24 16:00:00,ETHUSDT,-0.000014
2022-01-24 08:00:00,ETHUSDT,0.0001
2022-01-24 00:00:00,ETHUSDT,-0.00006785
2022-01-23 16:00:00,ETHUSDT,0.0001
2022-01-23 08:00:00,ETHUSDT,0.0001
2022-01-23 00:00:00,ETHUSDT,0.0001
2022-01-22 16:00:00,ETHUSDT,0.0001
2022-01-22 08:00:00,ETHUSDT,0.0001
2022-01-22 00:00:00,ETHUSDT,0.0001
2022-01-21 16:00:00,ETHUSDT,0.0001
2022-01-21 08:00:00,ETHUSDT,0.0001
2022-01-21 00:00:00,ETHUSDT,0.0001
2022-01-20 16:00:00,ETHUSDT,0.0001
2022-01-20 08:00:00,ETHUSDT,0.0001
2022-01-20 00:00:00,ETHUSDT,0.0001
2022-01-19 16:00:00,ETHUSDT,0.0001
2022-01-19 08:00:00,ETHUSDT,0.0001
2022-01-19 00:00:00,ETHUSDT,0.0001
2022-01-18 16:00:00,ETHUSDT,0.0001
2022-01-18 08:00:00,ETHUSDT,0.0001
2022-01-18 00:00:00,ETHUSDT,0.00003783
2022-01-17 16:00:00,ETHUSDT,0.00003345
2022-01-17 08:00:00,ETHUSDT,0.00003562
2022-01-17 00:00:00,ETHUSDT,0.00001587
2022-01-16 16:00:00,ETHUSDT,0.00009135
2022-01-16 08:00:00,ETHUSDT,0.00006913
2022-01-16 00:00:00,ETHUSDT,0.0001
2022-01-15 16:00:00,ETHUSDT,0.0001
2022-01-15 08:00:00,ETHUSDT,0.0001
2022-01-15 00:00:00,ETHUSDT,0.0001
2022-01-14 16:00:00,ETHUSDT,0.0001
2022-01-14 08:00:00,ETHUSDT,0.0001
2022-01-14 00:00:00,ETHUSDT,0.0001
2022-01-13 16:00:00,ETHUSDT,0.0001
2022-01-13 08:00:00,ETHUSDT,0.00005809
2022-01-13 00:00:00,ETHUSDT,-0.00001141
2022-01-12 16:00:00,ETHUSDT,0.00000471
2022-01-12 08:00:00,ETHUSDT,-0.00005277
2022-01-12 00:00:00,ETHUSDT,0.00007973
2022-01-11 16:00:00,ETHUSDT,0.0001
2022-01-11 08:00:00,ETHUSDT,0.0001
2022-01-11 00:00:00,ETHUSDT,0.00007044
2022-01-10 16:00:00,ETHUSDT,0.0001
2022-01-10 08:00:00,ETHUSDT,-0.00009607
2022-01-10 00:00:00,ETHUSDT,0.0001
2022-01-09 16:00:00,ETHUSDT,0.0001
2022-01-09 08:00:00,ETHUSDT,0.0001
2022-01-09 00:00:00,ETHUSDT,0.0001
2022-01-08 16:00:00,ETHUSDT,0.0001
2022-01-08 08:00:00,ETHUSDT,0.0001
2022-01-08 00:00:00,ETHUSDT,0.0001
2022-01-07 16:00:00,ETHUSDT,0.0001
2022-01-07 08:00:00,ETHUSDT,0.0001
2022-01-07 00:00:00,ETHUSDT,0.0001
2022-01-06 16:00:00,ETHUSDT,0.0001
2022-01-06 08:00:00,ETHUSDT,0.0001
2022-01-06 00:00:00,ETHUSDT,0.0001
2022-01-05 16:00:00,ETHUSDT,0.0001
2022-01-05 08:00:00,ETHUSDT,0.0001
2022-01-05 00:00:00,ETHUSDT,0.0001
2022-01-04 16:00:00,ETHUSDT,0.0001
2022-01-04 08:00:00,ETHUSDT,0.0001
2022-01-04 00:00:00,ETHUSDT,0.0001
2022-01-03 16:00:00,ETHUSDT,0.0001
2022-01-03 08:00:00,ETHUSDT,0.0001
2022-01-03 00:00:00,ETHUSDT,0.0001
2022-01-02 16:00:00,ETHUSDT,0.0001
2022-01-02 08:00:00,ETHUSDT,0.0001
2022-01-02 00:00:00,ETHUSDT,0.0001
2022-01-01 16:00:00,ETHUSDT,0.0001
2022-01-01 08:00:00,ETHUSDT,0.0001
2022-01-01 00:00:00,ETHUSDT,0.0001
2021-12-31 16:00:00,ETHUSDT,0.0001
2021-12-31 08:00:00,ETHUSDT,0.0001
2021-12-31 00:00:00,ETHUSDT,0.0001
2021-12-30 16:00:00,ETHUSDT,0.0001
2021-12-30 08:00:00,ETHUSDT,0.0001
2021-12-30 00:00:00,ETHUSDT,0.0001
2021-12-29 16:00:00,ETHUSDT,0.0001
2021-12-29 08:00:00,ETHUSDT,0.0001
2021-12-29 00:00:00,ETHUSDT,0.0001
2021-12-28 16:00:00,ETHUSDT,0.0001
2021-12-28 08:00:00,ETHUSDT,0.0001
2021-12-28 00:00:00,ETHUSDT,0.0001
2021-12-27 16:00:00,ETHUSDT,0.0001
2021-12-27 08:00:00,ETHUSDT,0.0001
2021-12-27 00:00:00,ETHUSDT,0.0001
2021-12-26 16:00:00,ETHUSDT,0.0001
2021-12-26 08:00:00,ETHUSDT,0.0001
2021-12-26 00:00:00,ETHUSDT,0.0001
2021-12-25 16:00:00,ETHUSDT,0.0001
2021-12-25 08:00:00,ETHUSDT,0.0001
2021-12-25 00:00:00,ETHUSDT,0.0001
2021-12-24 16:00:00,ETHUSDT,0.0001
2021-12-24 08:00:00,ETHUSDT,0.0001
2021-12-24 00:00:00,ETHUSDT,0.0001
2021-12-23 16:00:00,ETHUSDT,0.0001
2021-12-23 08:00:00,ETHUSDT,0.0001
2021-12-23 00:00:00,ETHUSDT,0.0001
2021-12-22 16:00:00,ETHUSDT,0.0001
2021-12-22 08:00:00,ETHUSDT,0.0001
2021-12-22 00:00:00,ETHUSDT,0.0001
2021-12-21 16:00:00,ETHUSDT,0.0001
2021-12-21 08:00:00,ETHUSDT,0.0001
2021-12-21 00:00:00,ETHUSDT,0.0001
2021-12-20 16:00:00,ETHUSDT,0.0001
2021-12-20 08:00:00,ETHUSDT,0.0001
2021-12-20 00:00:00,ETHUSDT,0.0001
2021-12-19 16:00:00,ETHUSDT,0.0001
2021-12-19 08:00:00,ETHUSDT,0.0001
2021-12-19 00:00:00,ETHUSDT,0.0001
2021-12-18 16:00:00,ETHUSDT,0.0001
2021-12-18 08:00:00,ETHUSDT,0.0001
2021-12-18 00:00:00,ETHUSDT,0.0001
2021-12-17 16:00:00,ETHUSDT,0.0001
2021-12-17 08:00:00,ETHUSDT,0.0001
2021-12-17 00:00:00,ETHUSDT,0.0001
2021-12-16 16:00:00,ETHUSDT,0.0001
2021-12-16 08:00:00,ETHUSDT,0.0001
2021-12-16 00:00:00,ETHUSDT,0.0001
2021-12-15 16:00:00,ETHUSDT,0.0001
2021-12-15 08:00:00,ETHUSDT,0.0001
2021-12-15 00:00:00,ETHUSDT,0.0001
2021-12-14 16:00:00,ETHUSDT,0.0001
2021-12-14 08:00:00,ETHUSDT,0.00003348
2021-12-14 00:00:00,ETHUSDT,0.0001
2021-12-13 16:00:00,ETHUSDT,0.0001
2021-12-13 08:00:00,ETHUSDT,0.0001
2021-12-13 00:00:00,ETHUSDT,0.0001
2021-12-12 16:00:00,ETHUSDT,0.0001
2021-12-12 08:00:00,ETHUSDT,0.0001
2021-12-12 00:00:00,ETHUSDT,0.0001
2021-12-11 16:00:00,ETHUSDT,0.0001
2021-12-11 08:00:00,ETHUSDT,0.0001
2021-12-11 00:00:00,ETHUSDT,0.0001
2021-12-10 16:00:00,ETHUSDT,0.0001
2021-12-10 08:00:00,ETHUSDT,0.0001
2021-12-10 00:00:00,ETHUSDT,0.0001
2021-12-09 16:00:00,ETHUSDT,0.0001
2021-12-09 08:00:00,ETHUSDT,0.0001
2021-12-09 00:00:00,ETHUSDT,0.0001
2021-12-08 16:00:00,ETHUSDT,0.0001
2021-12-08 08:00:00,ETHUSDT,0.0001
2021-12-08 00:00:00,ETHUSDT,0.0001
2021-12-07 16:00:00,ETHUSDT,0.0001
2021-12-07 08:00:00,ETHUSDT,0.0001
2021-12-07 00:00:00,ETHUSDT,0.0001
2021-12-06 16:00:00,ETHUSDT,0.0001
2021-12-06 08:00:00,ETHUSDT,0.0001
2021-12-06 00:00:00,ETHUSDT,0.0001
2021-12-05 16:00:00,ETHUSDT,0.0001
2021-12-05 08:00:00,ETHUSDT,0.0001
2021-12-05 00:00:00,ETHUSDT,0.0001
2021-12-04 16:00:00,ETHUSDT,0.0001
2021-12-04 08:00:00,ETHUSDT,0.0001
2021-12-04 00:00:00,ETHUSDT,0.0001
2021-12-03 16:00:00,ETHUSDT,0.0001
2021-12-03 08:00:00,ETHUSDT,0.00017888
2021-12-03 00:00:00,ETHUSDT,0.00011198
2021-12-02 16:00:00,ETHUSDT,0.0001
2021-12-02 08:00:00,ETHUSDT,0.0001
2021-12-02 00:00:00,ETHUSDT,0.0001
2021-12-01 16:00:00,ETHUSDT,0.0001
2021-12-01 08:00:00,ETHUSDT,0.00016055
2021-12-01 00:00:00,ETHUSDT,0.00012901
2021-11-30 16:00:00,ETHUSDT,0.0001
2021-11-30 08:00:00,ETHUSDT,0.0001
2021-11-30 00:00:00,ETHUSDT,0.0001
2021-11-29 16:00:00,ETHUSDT,0.0001
2021-11-29 08:00:00,ETHUSDT,0.0001
2021-11-29 00:00:00,ETHUSDT,0.0001
2021-11-28 16:00:00,ETHUSDT,0.0001
2021-11-28 08:00:00,ETHUSDT,0.0001
2021-11-28 00:00:00,ETHUSDT,0.0001
2021-11-27 16:00:00,ETHUSDT,0.0001
2021-11-27 08:00:00,ETHUSDT,0.0001
2021-11-27 00:00:00,ETHUSDT,0.0001
2021-11-26 16:00:00,ETHUSDT,0.00013435
2021-11-26 08:00:00,ETHUSDT,0.00033905
2021-11-26 00:00:00,ETHUSDT,0.0003651
2021-11-25 16:00:00,ETHUSDT,0.0001
2021-11-25 08:00:00,ETHUSDT,0.0001
2021-11-25 00:00:00,ETHUSDT,0.0001
2021-11-24 16:00:00,ETHUSDT,0.0001
2021-11-24 08:00:00,ETHUSDT,0.0001
2021-11-24 00:00:00,ETHUSDT,0.0001
2021-11-23 16:00:00,ETHUSDT,0.0001
2021-11-23 08:00:00,ETHUSDT,0.0001
2021-11-23 00:00:00,ETHUSDT,0.0001
2021-11-22 16:00:00,ETHUSDT,0.0001
2021-11-22 08:00:00,ETHUSDT,0.0001
2021-11-22 00:00:00,ETHUSDT,0.0001
2021-11-21 16:00:00,ETHUSDT,0.0001
2021-11-21 08:00:00,ETHUSDT,0.0001
2021-11-21 00:00:00,ETHUSDT,0.0001
2021-11-20 16:00:00,ETHUSDT,0.0001
2021-11-20 08:00:00,ETHUSDT,0.0001
2021-11-20 00:00:00,ETHUSDT,0.0001
2021-11-19 16:00:00,ETHUSDT,0.0001
2021-11-19 08:00:00,ETHUSDT,0.0001
2021-11-19 00:00:00,ETHUSDT,0.0001
2021-11-18 16:00:00,ETHUSDT,0.0001
2021-11-18 08:00:00,ETHUSDT,0.0001
2021-11-18 00:00:00,ETHUSDT,0.0001
2021-11-17 16:00:00,ETHUSDT,0.0001
2021-11-17 08:00:00,ETHUSDT,0.0001
2021-11-17 00:00:00,ETHUSDT,0.0001
2021-11-16 16:00:00,ETHUSDT,0.0001
2021-11-16 08:00:00,ETHUSDT,0.0001
2021-11-16 00:00:00,ETHUSDT,0.0001
2021-11-15 16:00:00,ETHUSDT,0.00037235
2021-11-15 08:00:00,ETHUSDT,0.00045086
2021-11-15 00:00:00,ETHUSDT,0.0001787
2021-11-14 16:00:00,ETHUSDT,0.0001
2021-11-14 08:00:00,ETHUSDT,0.0001
2021-11-14 00:00:00,ETHUSDT,0.0001
2021-11-13 16:00:00,ETHUSDT,0.0001
2021-11-13 08:00:00,ETHUSDT,0.0001
2021-11-13 00:00:00,ETHUSDT,0.0001
2021-11-12 16:00:00,ETHUSDT,0.0001
2021-11-12 08:00:00,ETHUSDT,0.0001
2021-11-12 00:00:00,ETHUSDT,0.0001
2021-11-11 16:00:00,ETHUSDT,0.00016424
2021-11-11 08:00:00,ETHUSDT,0.0001
2021-11-11 00:00:00,ETHUSDT,0.0001
2021-11-10 16:00:00,ETHUSDT,0.0001
2021-11-10 08:00:00,ETHUSDT,0.0001
2021-11-10 00:00:00,ETHUSDT,0.0001
2021-11-09 16:00:00,ETHUSDT,0.0001
2021-11-09 08:00:00,ETHUSDT,0.0001
2021-11-09 00:00:00,ETHUSDT,0.0001
2021-11-08 16:00:00,ETHUSDT,0.00015229
2021-11-08 08:00:00,ETHUSDT,0.0001
2021-11-08 00:00:00,ETHUSDT,0.0001
2021-11-07 16:00:00,ETHUSDT,0.0001
2021-11-07 08:00:00,ETHUSDT,0.00022506
2021-11-07 00:00:00,ETHUSDT,0.00027551
2021-11-06 16:00:00,ETHUSDT,0.00066131
2021-11-06 08:00:00,ETHUSDT,0.00041815
2021-11-06 00:00:00,ETHUSDT,0.00026307
2021-11-05 16:00:00,ETHUSDT,0.00026751
2021-11-05 08:00:00,ETHUSDT,0.0002729
2021-11-05 00:00:00,ETHUSDT,0.00025339
2021-11-04 16:00:00,ETHUSDT,0.00037454
2021-11-04 08:00:00,ETHUSDT,0.00058234
2021-11-04 00:00:00,ETHUSDT,0.00023027
2021-11-03 16:00:00,ETHUSDT,0.00027303
2021-11-03 08:00:00,ETHUSDT,0.00026281
2021-11-03 00:00:00,ETHUSDT,0.00077681
2021-11-02 16:00:00,ETHUSDT,0.00024139
2021-11-02 08:00:00,ETHUSDT,0.0001
2021-11-02 00:00:00,ETHUSDT,0.00024931
2021-11-01 16:00:00,ETHUSDT,0.00023987
2021-11-01 08:00:00,ETHUSDT,0.00049891
2021-11-01 00:00:00,ETHUSDT,0.00016733
2021-10-31 16:00:00,ETHUSDT,0.0001
2021-10-31 08:00:00,ETHUSDT,0.0001
2021-10-31 00:00:00,ETHUSDT,0.00034606
2021-10-30 16:00:00,ETHUSDT,0.00017716
2021-10-30 08:00:00,ETHUSDT,0.0001
2021-10-30 00:00:00,ETHUSDT,0.0001
2021-10-29 16:00:00,ETHUSDT,0.0001
2021-10-29 08:00:00,ETHUSDT,0.0001
2021-10-29 00:00:00,ETHUSDT,0.0001
2021-10-28 16:00:00,ETHUSDT,0.0001
2021-10-28 08:00:00,ETHUSDT,0.0001
2021-10-28 00:00:00,ETHUSDT,0.00022045
2021-10-27 16:00:00,ETHUSDT,0.00043379
2021-10-27 08:00:00,ETHUSDT,0.00011848
2021-10-27 00:00:00,ETHUSDT,0.00017949
2021-10-26 16:00:00,ETHUSDT,0.00030904
2021-10-26 08:00:00,ETHUSDT,0.00065068
2021-10-26 00:00:00,ETHUSDT,0.00054094
2021-10-25 16:00:00,ETHUSDT,0.00055382
2021-10-25 08:00:00,ETHUSDT,0.0002614
2021-10-25 00:00:00,ETHUSDT,0.00053655
2021-10-24 16:00:00,ETHUSDT,0.00041182
2021-10-24 08:00:00,ETHUSDT,0.0001
2021-10-24 00:00:00,ETHUSDT,0.0001
2021-10-23 16:00:00,ETHUSDT,0.00020204
2021-10-23 08:00:00,ETHUSDT,0.00041827
2021-10-23 00:00:00,ETHUSDT,0.00054781
2021-10-22 16:00:00,ETHUSDT,0.00099455
2021-10-22 08:00:00,ETHUSDT,0.00125247
2021-10-22 00:00:00,ETHUSDT,0.00167168
2021-10-21 16:00:00,ETHUSDT,0.00120389
2021-10-21 08:00:00,ETHUSDT,0.001056
2021-10-21 00:00:00,ETHUSDT,0.00102806
2021-10-20 16:00:00,ETHUSDT,0.00058729
2021-10-20 08:00:00,ETHUSDT,0.00055811
2021-10-20 00:00:00,ETHUSDT,0.00048321
2021-10-19 16:00:00,ETHUSDT,0.0007344
2021-10-19 08:00:00,ETHUSDT,0.00093397
2021-10-19 00:00:00,ETHUSDT,0.00038356
2021-10-18 16:00:00,ETHUSDT,0.00051344
2021-10-18 08:00:00,ETHUSDT,0.00027161
2021-10-18 00:00:00,ETHUSDT,0.00061493
2021-10-17 16:00:00,ETHUSDT,0.00067167
2021-10-17 08:00:00,ETHUSDT,0.00060297
2021-10-17 00:00:00,ETHUSDT,0.00088854
2021-10-16 16:00:00,ETHUSDT,0.00040744
2021-10-16 08:00:00,ETHUSDT,0.00037582
2021-10-16 00:00:00,ETHUSDT,0.00048703
2021-10-15 16:00:00,ETHUSDT,0.00055995
2021-10-15 08:00:00,ETHUSDT,0.00014129
2021-10-15 00:00:00,ETHUSDT,0.00011975
2021-10-14 16:00:00,ETHUSDT,0.0001
2021-10-14 08:00:00,ETHUSDT,0.0001
2021-10-14 00:00:00,ETHUSDT,0.0001
2021-10-13 16:00:00,ETHUSDT,0.0001
2021-10-13 08:00:00,ETHUSDT,0.0001
2021-10-13 00:00:00,ETHUSDT,0.0001
2021-10-12 16:00:00,ETHUSDT,0.0001
2021-10-12 08:00:00,ETHUSDT,0.0001
2021-10-12 00:00:00,ETHUSDT,0.0001
2021-10-11 16:00:00,ETHUSDT,0.0001
2021-10-11 08:00:00,ETHUSDT,0.0001
2021-10-11 00:00:00,ETHUSDT,0.0001
2021-10-10 16:00:00,ETHUSDT,0.0001
2021-10-10 08:00:00,ETHUSDT,0.0001
2021-10-10 00:00:00,ETHUSDT,0.0001
2021-10-09 16:00:00,ETHUSDT,0.0001
2021-10-09 08:00:00,ETHUSDT,0.0001
2021-10-09 00:00:00,ETHUSDT,0.00017805
2021-10-08 16:00:00,ETHUSDT,0.0001
2021-10-08 08:00:00,ETHUSDT,0.0001
2021-10-08 00:00:00,ETHUSDT,0.0001898
2021-10-07 16:00:00,ETHUSDT,0.0001
2021-10-07 08:00:00,ETHUSDT,0.0001
2021-10-07 00:00:00,ETHUSDT,0.0001
2021-10-06 16:00:00,ETHUSDT,0.0001
2021-10-06 08:00:00,ETHUSDT,0.0001
2021-10-06 00:00:00,ETHUSDT,0.0001
2021-10-05 16:00:00,ETHUSDT,0.0001
2021-10-05 08:00:00,ETHUSDT,0.0001
2021-10-05 00:00:00,ETHUSDT,0.0001
2021-10-04 16:00:00,ETHUSDT,0.0001
2021-10-04 08:00:00,ETHUSDT,0.0001
2021-10-04 00:00:00,ETHUSDT,0.0001
2021-10-03 16:00:00,ETHUSDT,0.0001
2021-10-03 08:00:00,ETHUSDT,0.0001
2021-10-03 00:00:00,ETHUSDT,0.0001
2021-10-02 16:00:00,ETHUSDT,0.0001
2021-10-02 08:00:00,ETHUSDT,0.0001
2021-10-02 00:00:00,ETHUSDT,0.0001
2021-10-01 16:00:00,ETHUSDT,0.0001
2021-10-01 08:00:00,ETHUSDT,0.0001
2021-10-01 00:00:00,ETHUSDT,0.0001
2021-09-30 16:00:00,ETHUSDT,0.0001
2021-09-30 08:00:00,ETHUSDT,0.0001
2021-09-30 00:00:00,ETHUSDT,0.0001
2021-09-29 16:00:00,ETHUSDT,0.0001
2021-09-29 08:00:00,ETHUSDT,0.0001
2021-09-29 00:00:00,ETHUSDT,0.0001
2021-09-28 16:00:00,ETHUSDT,0.0001
2021-09-28 08:00:00,ETHUSDT,0.0001
2021-09-28 00:00:00,ETHUSDT,0.0001
2021-09-27 16:00:00,ETHUSDT,0.0001
2021-09-27 08:00:00,ETHUSDT,0.0001
2021-09-27 00:00:00,ETHUSDT,0.0001
2021-09-26 16:00:00,ETHUSDT,0.0001
2021-09-26 08:00:00,ETHUSDT,0.0001
2021-09-26 00:00:00,ETHUSDT,0.0001
2021-09-25 16:00:00,ETHUSDT,0.0001
2021-09-25 08:00:00,ETHUSDT,0.0001
2021-09-25 00:00:00,ETHUSDT,0.0001
2021-09-24 16:00:00,ETHUSDT,0.0001
2021-09-24 08:00:00,ETHUSDT,0.0001
2021-09-24 00:00:00,ETHUSDT,0.0001
2021-09-23 16:00:00,ETHUSDT,0.0001
2021-09-23 08:00:00,ETHUSDT,0.0001
2021-09-23 00:00:00,ETHUSDT,0.0001
2021-09-22 16:00:00,ETHUSDT,0.0001
2021-09-22 08:00:00,ETHUSDT,0.0001
2021-09-22 00:00:00,ETHUSDT,0.0001
2021-09-21 16:00:00,ETHUSDT,0.0001
2021-09-21 08:00:00,ETHUSDT,0.0001
2021-09-21 00:00:00,ETHUSDT,0.0001
2021-09-20 16:00:00,ETHUSDT,0.0001
2021-09-20 08:00:00,ETHUSDT,0.0001
2021-09-20 00:00:00,ETHUSDT,0.0001
2021-09-19 16:00:00,ETHUSDT,0.0001
2021-09-19 08:00:00,ETHUSDT,0.0001
2021-09-19 00:00:00,ETHUSDT,0.0001
2021-09-18 16:00:00,ETHUSDT,0.00017513
2021-09-18 08:00:00,ETHUSDT,0.0004884
2021-09-18 00:00:00,ETHUSDT,0.00025318
2021-09-17 16:00:00,ETHUSDT,0.0001859
2021-09-17 08:00:00,ETHUSDT,0.0001
2021-09-17 00:00:00,ETHUSDT,0.0001
2021-09-16 16:00:00,ETHUSDT,0.0001
2021-09-16 08:00:00,ETHUSDT,0.0001
2021-09-16 00:00:00,ETHUSDT,0.0001
2021-09-15 16:00:00,ETHUSDT,0.0001
2021-09-15 08:00:00,ETHUSDT,0.0001
2021-09-15 00:00:00,ETHUSDT,0.0001
2021-09-14 16:00:00,ETHUSDT,0.0001
2021-09-14 08:00:00,ETHUSDT,0.0001
2021-09-14 00:00:00,ETHUSDT,0.0001
2021-09-13 16:00:00,ETHUSDT,0.0001
2021-09-13 08:00:00,ETHUSDT,0.0001
2021-09-13 00:00:00,ETHUSDT,0.0001
2021-09-12 16:00:00,ETHUSDT,0.00012502
2021-09-12 08:00:00,ETHUSDT,0.00013084
2021-09-12 00:00:00,ETHUSDT,0.0001
2021-09-11 16:00:00,ETHUSDT,0.0001
2021-09-11 08:00:00,ETHUSDT,0.0001
2021-09-11 00:00:00,ETHUSDT,0.0001
2021-09-10 16:00:00,ETHUSDT,0.0001
2021-09-10 08:00:00,ETHUSDT,0.0001
2021-09-10 00:00:00,ETHUSDT,0.0001
2021-09-09 16:00:00,ETHUSDT,0.0001
2021-09-09 08:00:00,ETHUSDT,0.0001
2021-09-09 00:00:00,ETHUSDT,0.0001
2021-09-08 16:00:00,ETHUSDT,0.0001
2021-09-08 08:00:00,ETHUSDT,0.0001
2021-09-08 00:00:00,ETHUSDT,0.00022907
2021-09-07 16:00:00,ETHUSDT,0.00077833
2021-09-07 08:00:00,ETHUSDT,0.00040889
2021-09-07 00:00:00,ETHUSDT,0.00057765
2021-09-06 16:00:00,ETHUSDT,0.00077559
2021-09-06 08:00:00,ETHUSDT,0.00062651
2021-09-06 00:00:00,ETHUSDT,0.00094589
2021-09-05 16:00:00,ETHUSDT,0.00129526
2021-09-05 08:00:00,ETHUSDT,0.00173118
2021-09-05 00:00:00,ETHUSDT,0.0015446
2021-09-04 16:00:00,ETHUSDT,0.00122853
2021-09-04 08:00:00,ETHUSDT,0.00072837
2021-09-04 00:00:00,ETHUSDT,0.00077665
2021-09-03 16:00:00,ETHUSDT,0.00031878
2021-09-03 08:00:00,ETHUSDT,0.00034546
2021-09-03 00:00:00,ETHUSDT,0.00100973
2021-09-02 16:00:00,ETHUSDT,0.00086965
2021-09-02 08:00:00,ETHUSDT,0.0001
2021-09-02 00:00:00,ETHUSDT,0.0001
2021-09-01 16:00:00,ETHUSDT,0.0001
2021-09-01 08:00:00,ETHUSDT,0.0001
2021-09-01 00:00:00,ETHUSDT,0.0001
2021-08-31 16:00:00,ETHUSDT,0.00023137
2021-08-31 08:00:00,ETHUSDT,0.0001
2021-08-31 00:00:00,ETHUSDT,0.0003804
2021-08-30 16:00:00,ETHUSDT,0.0001
2021-08-30 08:00:00,ETHUSDT,0.0001
2021-08-30 00:00:00,ETHUSDT,0.0001
2021-08-29 16:00:00,ETHUSDT,0.0001
2021-08-29 08:00:00,ETHUSDT,0.00011138
2021-08-29 00:00:00,ETHUSDT,0.0001
2021-08-28 16:00:00,ETHUSDT,0.0001
2021-08-28 08:00:00,ETHUSDT,0.0001
2021-08-28 00:00:00,ETHUSDT,0.0001
2021-08-27 16:00:00,ETHUSDT,0.00014814
2021-08-27 08:00:00,ETHUSDT,0.0001
2021-08-27 00:00:00,ETHUSDT,0.00012546
2021-08-26 16:00:00,ETHUSDT,0.0001
2021-08-26 08:00:00,ETHUSDT,0.0001
2021-08-26 00:00:00,ETHUSDT,0.0001
2021-08-25 16:00:00,ETHUSDT,0.00028806
2021-08-25 08:00:00,ETHUSDT,0.00032864
2021-08-25 00:00:00,ETHUSDT,0.00047575
2021-08-24 16:00:00,ETHUSDT,0.00025105
2021-08-24 08:00:00,ETHUSDT,0.00016504
2021-08-24 00:00:00,ETHUSDT,0.0001
2021-08-23 16:00:00,ETHUSDT,0.00047137
2021-08-23 08:00:00,ETHUSDT,0.0001
2021-08-23 00:00:00,ETHUSDT,0.0001
2021-08-22 16:00:00,ETHUSDT,0.0001
2021-08-22 08:00:00,ETHUSDT,0.0001
2021-08-22 00:00:00,ETHUSDT,0.0001
2021-08-21 16:00:00,ETHUSDT,0.0001
2021-08-21 08:00:00,ETHUSDT,0.0001
2021-08-21 00:00:00,ETHUSDT,0.00019105
2021-08-20 16:00:00,ETHUSDT,0.0001
2021-08-20 08:00:00,ETHUSDT,0.0001
2021-08-20 00:00:00,ETHUSDT,0.0001
2021-08-19 16:00:00,ETHUSDT,0.0001
2021-08-19 08:00:00,ETHUSDT,0.0001
2021-08-19 00:00:00,ETHUSDT,0.0001
2021-08-18 16:00:00,ETHUSDT,0.0001
2021-08-18 08:00:00,ETHUSDT,0.0001
2021-08-18 00:00:00,ETHUSDT,0.0001
2021-08-17 16:00:00,ETHUSDT,0.0001
2021-08-17 08:00:00,ETHUSDT,0.00036678
2021-08-17 00:00:00,ETHUSDT,0.0001
2021-08-16 16:00:00,ETHUSDT,0.00018623
2021-08-16 08:00:00,ETHUSDT,0.00023677
2021-08-16 00:00:00,ETHUSDT,0.00031081
2021-08-15 16:00:00,ETHUSDT,0.00035487
2021-08-15 08:00:00,ETHUSDT,0.00041869
2021-08-15 00:00:00,ETHUSDT,0.00041696
2021-08-14 16:00:00,ETHUSDT,0.00018543
2021-08-14 08:00:00,ETHUSDT,0.0001
2021-08-14 00:00:00,ETHUSDT,0.0001
2021-08-13 16:00:00,ETHUSDT,0.0001
2021-08-13 08:00:00,ETHUSDT,0.0001
2021-08-13 00:00:00,ETHUSDT,0.00033407
2021-08-12 16:00:00,ETHUSDT,0.0001
2021-08-12 08:00:00,ETHUSDT,0.0001
2021-08-12 00:00:00,ETHUSDT,0.0001
2021-08-11 16:00:00,ETHUSDT,0.0001
2021-08-11 08:00:00,ETHUSDT,0.00040658
2021-08-11 00:00:00,ETHUSDT,0.0001
2021-08-10 16:00:00,ETHUSDT,0.0001
2021-08-10 08:00:00,ETHUSDT,0.0001
2021-08-10 00:00:00,ETHUSDT,0.0001
2021-08-09 16:00:00,ETHUSDT,0.0001
2021-08-09 08:00:00,ETHUSDT,0.000189
2021-08-09 00:00:00,ETHUSDT,0.0001
2021-08-08 16:00:00,ETHUSDT,0.0001
2021-08-08 08:00:00,ETHUSDT,0.0001
2021-08-08 00:00:00,ETHUSDT,0.0001
2021-08-07 16:00:00,ETHUSDT,0.0001
2021-08-07 08:00:00,ETHUSDT,0.0001
2021-08-07 00:00:00,ETHUSDT,0.0001
2021-08-06 16:00:00,ETHUSDT,0.0001
2021-08-06 08:00:00,ETHUSDT,0.0001
2021-08-06 00:00:00,ETHUSDT,0.0001
2021-08-05 16:00:00,ETHUSDT,0.0001
2021-08-05 08:00:00,ETHUSDT,0.0001
2021-08-05 00:00:00,ETHUSDT,0.0001
2021-08-04 16:00:00,ETHUSDT,0.00001079
2021-08-04 08:00:00,ETHUSDT,-0.00006333
2021-08-04 00:00:00,ETHUSDT,0.0001
2021-08-03 16:00:00,ETHUSDT,0.0001
2021-08-03 08:00:00,ETHUSDT,0.0001
2021-08-03 00:00:00,ETHUSDT,0.0001
2021-08-02 16:00:00,ETHUSDT,0.0001
2021-08-02 08:00:00,ETHUSDT,0.0001
2021-08-02 00:00:00,ETHUSDT,0.0001
2021-08-01 16:00:00,ETHUSDT,0.0001
2021-08-01 08:00:00,ETHUSDT,0.0001
2021-08-01 00:00:00,ETHUSDT,0.0001
2021-07-31 16:00:00,ETHUSDT,0.0001
2021-07-31 08:00:00,ETHUSDT,0.0001
2021-07-31 00:00:00,ETHUSDT,0.0001
2021-07-30 16:00:00,ETHUSDT,0.0001
2021-07-30 08:00:00,ETHUSDT,0.0001
2021-07-30 00:00:00,ETHUSDT,0.0001
2021-07-29 16:00:00,ETHUSDT,0.0001
2021-07-29 08:00:00,ETHUSDT,-0.00000202
2021-07-29 00:00:00,ETHUSDT,0.0001
2021-07-28 16:00:00,ETHUSDT,0.0001
2021-07-28 08:00:00,ETHUSDT,0.0001
2021-07-28 00:00:00,ETHUSDT,0.0001
2021-07-27 16:00:00,ETHUSDT,0.0001
2021-07-27 08:00:00,ETHUSDT,0.0001
2021-07-27 00:00:00,ETHUSDT,0.0001
2021-07-26 16:00:00,ETHUSDT,0.0001
2021-07-26 08:00:00,ETHUSDT,0.0001
2021-07-26 00:00:00,ETHUSDT,0.00007657
2021-07-25 16:00:00,ETHUSDT,-0.00016559
2021-07-25 08:00:00,ETHUSDT,-0.00041081
2021-07-25 00:00:00,ETHUSDT,0.0001
2021-07-24 16:00:00,ETHUSDT,0.0001
2021-07-24 08:00:00,ETHUSDT,0.00000335
2021-07-24 00:00:00,ETHUSDT,0.00009093
2021-07-23 16:00:00,ETHUSDT,0.0001
2021-07-23 08:00:00,ETHUSDT,0.0001
2021-07-23 00:00:00,ETHUSDT,-0.0001249
2021-07-22 16:00:00,ETHUSDT,0.0001
2021-07-22 08:00:00,ETHUSDT,0.0001
2021-07-22 00:00:00,ETHUSDT,-0.00009631
2021-07-21 16:00:00,ETHUSDT,0.00000303
2021-07-21 08:00:00,ETHUSDT,0.00009878
2021-07-21 00:00:00,ETHUSDT,0.00006896
2021-07-20 16:00:00,ETHUSDT,0.0001
2021-07-20 08:00:00,ETHUSDT,0.0001
2021-07-20 00:00:00,ETHUSDT,0.0001
2021-07-19 16:00:00,ETHUSDT,0.0001
2021-07-19 08:00:00,ETHUSDT,0.0001
2021-07-19 00:00:00,ETHUSDT,0.0001
2021-07-18 16:00:00,ETHUSDT,0.0001
2021-07-18 08:00:00,ETHUSDT,0.0001
2021-07-18 00:00:00,ETHUSDT,0.0001
2021-07-17 16:00:00,ETHUSDT,0.0001
2021-07-17 08:00:00,ETHUSDT,-0.00014308
2021-07-17 00:00:00,ETHUSDT,0.0001
2021-07-16 16:00:00,ETHUSDT,0.0001
2021-07-16 08:00:00,ETHUSDT,0.0001
2021-07-16 00:00:00,ETHUSDT,0.0001
2021-07-15 16:00:00,ETHUSDT,0.0001
2021-07-15 08:00:00,ETHUSDT,0.0001
2021-07-15 00:00:00,ETHUSDT,0.0001
2021-07-14 16:00:00,ETHUSDT,0.0001
2021-07-14 08:00:00,ETHUSDT,0.0001
2021-07-14 00:00:00,ETHUSDT,0.0001
2021-07-13 16:00:00,ETHUSDT,0.0001
2021-07-13 08:00:00,ETHUSDT,0.0001
2021-07-13 00:00:00,ETHUSDT,0.0001
2021-07-12 16:00:00,ETHUSDT,0.0001
2021-07-12 08:00:00,ETHUSDT,0.0001
2021-07-12 00:00:00,ETHUSDT,0.0001
2021-07-11 16:00:00,ETHUSDT,0.0001
2021-07-11 08:00:00,ETHUSDT,0.0001
2021-07-11 00:00:00,ETHUSDT,0.0001
2021-07-10 16:00:00,ETHUSDT,0.0001
2021-07-10 08:00:00,ETHUSDT,0.0001
2021-07-10 00:00:00,ETHUSDT,0.0001
2021-07-09 16:00:00,ETHUSDT,0.00009106
2021-07-09 08:00:00,ETHUSDT,0.0001
2021-07-09 00:00:00,ETHUSDT,0.0001
2021-07-08 16:00:00,ETHUSDT,0.0001
2021-07-08 08:00:00,ETHUSDT,0.00004693
2021-07-08 00:00:00,ETHUSDT,0.0001
2021-07-07 16:00:00,ETHUSDT,0.00006728
2021-07-07 08:00:00,ETHUSDT,-0.00010243
2021-07-07 00:00:00,ETHUSDT,-0.00025925
2021-07-06 16:00:00,ETHUSDT,-0.0002537
2021-07-06 08:00:00,ETHUSDT,-0.00020236
2021-07-06 00:00:00,ETHUSDT,-0.00013467
2021-07-05 16:00:00,ETHUSDT,0.0001
2021-07-05 08:00:00,ETHUSDT,0.00007987
2021-07-05 00:00:00,ETHUSDT,0.0001
2021-07-04 16:00:00,ETHUSDT,0.0001
2021-07-04 08:00:00,ETHUSDT,0.0001
2021-07-04 00:00:00,ETHUSDT,0.0001
2021-07-03 16:00:00,ETHUSDT,0.0001
2021-07-03 08:00:00,ETHUSDT,0.0001
2021-07-03 00:00:00,ETHUSDT,0.00001337
2021-07-02 16:00:00,ETHUSDT,0.00008039
2021-07-02 08:00:00,ETHUSDT,0.00002433
2021-07-02 00:00:00,ETHUSDT,-0.00003455
2021-07-01 16:00:00,ETHUSDT,0.0001
2021-07-01 08:00:00,ETHUSDT,0.0001
2021-07-01 00:00:00,ETHUSDT,0.0001
2021-06-30 16:00:00,ETHUSDT,0.0001
2021-06-30 08:00:00,ETHUSDT,0.00008632
2021-06-30 00:00:00,ETHUSDT,0.00000305
2021-06-29 16:00:00,ETHUSDT,0.0001
2021-06-29 08:00:00,ETHUSDT,0.00003559
2021-06-29 00:00:00,ETHUSDT,-0.00002573
2021-06-28 16:00:00,ETHUSDT,0.0001
2021-06-28 08:00:00,ETHUSDT,-0.00010221
2021-06-28 00:00:00,ETHUSDT,-0.00018071
2021-06-27 16:00:00,ETHUSDT,-0.00017175
2021-06-27 08:00:00,ETHUSDT,-0.00012488
2021-06-27 00:00:00,ETHUSDT,-0.00014264
2021-06-26 16:00:00,ETHUSDT,0.0001
2021-06-26 08:00:00,ETHUSDT,0.0001
2021-06-26 00:00:00,ETHUSDT,0.0001
2021-06-25 16:00:00,ETHUSDT,0.0001
2021-06-25 08:00:00,ETHUSDT,0.0001
2021-06-25 00:00:00,ETHUSDT,0.0001
2021-06-24 16:00:00,ETHUSDT,0.00007066
2021-06-24 08:00:00,ETHUSDT,-0.00011178
2021-06-24 00:00:00,ETHUSDT,-0.00009761
2021-06-23 16:00:00,ETHUSDT,-0.00025721
2021-06-23 08:00:00,ETHUSDT,-0.000114
2021-06-23 00:00:00,ETHUSDT,-0.00008588
2021-06-22 16:00:00,ETHUSDT,0.00005092
2021-06-22 08:00:00,ETHUSDT,0.000055
2021-06-22 00:00:00,ETHUSDT,-0.00010394
2021-06-21 16:00:00,ETHUSDT,0.0000203
2021-06-21 08:00:00,ETHUSDT,-0.00002546
2021-06-21 00:00:00,ETHUSDT,-0.00001418
2021-06-20 16:00:00,ETHUSDT,0.00008287
2021-06-20 08:00:00,ETHUSDT,0.0001
2021-06-20 00:00:00,ETHUSDT,0.00001455
2021-06-19 16:00:00,ETHUSDT,-0.00002116
2021-06-19 08:00:00,ETHUSDT,0.00005441
2021-06-19 00:00:00,ETHUSDT,0.0001
2021-06-18 16:00:00,ETHUSDT,0.0001
2021-06-18 08:00:00,ETHUSDT,0.0001
2021-06-18 00:00:00,ETHUSDT,0.0001
2021-06-17 16:00:00,ETHUSDT,0.0001
2021-06-17 08:00:00,ETHUSDT,0.0001
2021-06-17 00:00:00,ETHUSDT,0.0001
2021-06-16 16:00:00,ETHUSDT,0.0001
2021-06-16 08:00:00,ETHUSDT,0.0001
2021-06-16 00:00:00,ETHUSDT,0.0001
2021-06-15 16:00:00,ETHUSDT,0.0001
2021-06-15 08:00:00,ETHUSDT,0.0001
2021-06-15 00:00:00,ETHUSDT,0.0001
2021-06-14 16:00:00,ETHUSDT,0.0001
2021-06-14 08:00:00,ETHUSDT,0.0001
2021-06-14 00:00:00,ETHUSDT,0.0001
2021-06-13 16:00:00,ETHUSDT,0.0001
2021-06-13 08:00:00,ETHUSDT,0.0001
2021-06-13 00:00:00,ETHUSDT,0.0001
2021-06-12 16:00:00,ETHUSDT,0.0001
2021-06-12 08:00:00,ETHUSDT,0.0001
2021-06-12 00:00:00,ETHUSDT,0.0001
2021-06-11 16:00:00,ETHUSDT,0.0001
2021-06-11 08:00:00,ETHUSDT,0.0001
2021-06-11 00:00:00,ETHUSDT,0.0001
2021-06-10 16:00:00,ETHUSDT,0.0001
2021-06-10 08:00:00,ETHUSDT,0.0001
2021-06-10 00:00:00,ETHUSDT,-0.00000186
2021-06-09 16:00:00,ETHUSDT,0.0001
2021-06-09 08:00:00,ETHUSDT,0.0001
2021-06-09 00:00:00,ETHUSDT,0.00009307
2021-06-08 16:00:00,ETHUSDT,0.0001
2021-06-08 08:00:00,ETHUSDT,0.0001
2021-06-08 00:00:00,ETHUSDT,0.0001
2021-06-07 16:00:00,ETHUSDT,0.0001
2021-06-07 08:00:00,ETHUSDT,-0.00005516
2021-06-07 00:00:00,ETHUSDT,-0.00011108
2021-06-06 16:00:00,ETHUSDT,0.0001
2021-06-06 08:00:00,ETHUSDT,0.0001
2021-06-06 00:00:00,ETHUSDT,0.0001
2021-06-05 16:00:00,ETHUSDT,0.0001
2021-06-05 08:00:00,ETHUSDT,0.0001
2021-06-05 00:00:00,ETHUSDT,0.0001
2021-06-04 16:00:00,ETHUSDT,0.0001
2021-06-04 08:00:00,ETHUSDT,0.0001
2021-06-04 00:00:00,ETHUSDT,0.0001
2021-06-03 16:00:00,ETHUSDT,0.0001
2021-06-03 08:00:00,ETHUSDT,0.0001
2021-06-03 00:00:00,ETHUSDT,0.0001
2021-06-02 16:00:00,ETHUSDT,0.0001
2021-06-02 08:00:00,ETHUSDT,0.0001
2021-06-02 00:00:00,ETHUSDT,0.0001
2021-06-01 16:00:00,ETHUSDT,0.0001
2021-06-01 08:00:00,ETHUSDT,0.0001
2021-06-01 00:00:00,ETHUSDT,0.0001
2021-05-31 16:00:00,ETHUSDT,0.0001
2021-05-31 08:00:00,ETHUSDT,0.0001
2021-05-31 00:00:00,ETHUSDT,0.0001
2021-05-30 16:00:00,ETHUSDT,0.0001
2021-05-30 08:00:00,ETHUSDT,0.0001
2021-05-30 00:00:00,ETHUSDT,0.0001
2021-05-29 16:00:00,ETHUSDT,0.0001
2021-05-29 08:00:00,ETHUSDT,0.0001
2021-05-29 00:00:00,ETHUSDT,0.0001
2021-05-28 16:00:00,ETHUSDT,0.0001
2021-05-28 08:00:00,ETHUSDT,0.0001
2021-05-28 00:00:00,ETHUSDT,0.0001
2021-05-27 16:00:00,ETHUSDT,0.0001
2021-05-27 08:00:00,ETHUSDT,0.0001
2021-05-27 00:00:00,ETHUSDT,0.0001
2021-05-26 16:00:00,ETHUSDT,0.0001
2021-05-26 08:00:00,ETHUSDT,0.0001
2021-05-26 00:00:00,ETHUSDT,0.0001
2021-05-25 16:00:00,ETHUSDT,0.0001
2021-05-25 08:00:00,ETHUSDT,0.0001
2021-05-25 00:00:00,ETHUSDT,0.0001
2021-05-24 16:00:00,ETHUSDT,0.0001
2021-05-24 08:00:00,ETHUSDT,0.0001
2021-05-24 00:00:00,ETHUSDT,0.0001
2021-05-23 16:00:00,ETHUSDT,0.0001
2021-05-23 08:00:00,ETHUSDT,0.0001
2021-05-23 00:00:00,ETHUSDT,0.0001
2021-05-22 16:00:00,ETHUSDT,0.0001
2021-05-22 08:00:00,ETHUSDT,0.0001
2021-05-22 00:00:00,ETHUSDT,0.0001
2021-05-21 16:00:00,ETHUSDT,0.0001
2021-05-21 08:00:00,ETHUSDT,0.0001
2021-05-21 00:00:00,ETHUSDT,0.0001
2021-05-20 16:00:00,ETHUSDT,0.0001
2021-05-20 08:00:00,ETHUSDT,-0.00036567
2021-05-20 00:00:00,ETHUSDT,-0.0034595
2021-05-19 16:00:00,ETHUSDT,0.00054316
2021-05-19 08:00:00,ETHUSDT,0.00034891
2021-05-19 00:00:00,ETHUSDT,0.00059868
2021-05-18 16:00:00,ETHUSDT,0.00040307
2021-05-18 08:00:00,ETHUSDT,0.00078892
2021-05-18 00:00:00,ETHUSDT,0.00062777
2021-05-17 16:00:00,ETHUSDT,0.00041696
2021-05-17 08:00:00,ETHUSDT,0.00025604
2021-05-17 00:00:00,ETHUSDT,0.00040183
2021-05-16 16:00:00,ETHUSDT,0.00033272
2021-05-16 08:00:00,ETHUSDT,0.00093799
2021-05-16 00:00:00,ETHUSDT,0.00116535
2021-05-15 16:00:00,ETHUSDT,0.00077198
2021-05-15 08:00:00,ETHUSDT,0.00031743
2021-05-15 00:00:00,ETHUSDT,0.0001
2021-05-14 16:00:00,ETHUSDT,0.0001
2021-05-14 08:00:00,ETHUSDT,0.00017198
2021-05-14 00:00:00,ETHUSDT,0.0003497
2021-05-13 16:00:00,ETHUSDT,0.00056529
2021-05-13 08:00:00,ETHUSDT,0.00084145
2021-05-13 00:00:00,ETHUSDT,0.00086185
2021-05-12 16:00:00,ETHUSDT,0.00038937
2021-05-12 08:00:00,ETHUSDT,0.0001
2021-05-12 00:00:00,ETHUSDT,0.00035404
2021-05-11 16:00:00,ETHUSDT,0.0003563
2021-05-11 08:00:00,ETHUSDT,0.00034596
2021-05-11 00:00:00,ETHUSDT,0.00062344
2021-05-10 16:00:00,ETHUSDT,0.00052979
2021-05-10 08:00:00,ETHUSDT,0.00048911
2021-05-10 00:00:00,ETHUSDT,0.00042364
2021-05-09 16:00:00,ETHUSDT,0.00031988
2021-05-09 08:00:00,ETHUSDT,0.00029188
2021-05-09 00:00:00,ETHUSDT,0.00027352
2021-05-08 16:00:00,ETHUSDT,0.00044145
2021-05-08 08:00:00,ETHUSDT,0.00031082
2021-05-08 00:00:00,ETHUSDT,0.0002748
2021-05-07 16:00:00,ETHUSDT,0.00035828
2021-05-07 08:00:00,ETHUSDT,0.00035692
2021-05-07 00:00:00,ETHUSDT,0.00078253
2021-05-06 16:00:00,ETHUSDT,0.00058598
2021-05-06 08:00:00,ETHUSDT,0.00062793
2021-05-06 00:00:00,ETHUSDT,0.00075867
2021-05-05 16:00:00,ETHUSDT,0.00078022
2021-05-05 08:00:00,ETHUSDT,0.00041477
2021-05-05 00:00:00,ETHUSDT,0.00066311
2021-05-04 16:00:00,ETHUSDT,0.00078317
2021-05-04 08:00:00,ETHUSDT,0.00033605
2021-05-04 00:00:00,ETHUSDT,0.00040999
2021-05-03 16:00:00,ETHUSDT,0.0001
2021-05-03 08:00:00,ETHUSDT,0.0001
2021-05-03 00:00:00,ETHUSDT,0.0001
2021-05-02 16:00:00,ETHUSDT,0.00016559
2021-05-02 08:00:00,ETHUSDT,0.00010983
2021-05-02 00:00:00,ETHUSDT,0.00012435
2021-05-01 16:00:00,ETHUSDT,0.00022978
2021-05-01 08:00:00,ETHUSDT,0.0001
2021-05-01 00:00:00,ETHUSDT,0.00026478
2021-04-30 16:00:00,ETHUSDT,0.0001
2021-04-30 08:00:00,ETHUSDT,0.0001
2021-04-30 00:00:00,ETHUSDT,0.0001
2021-04-29 16:00:00,ETHUSDT,0.0001
2021-04-29 08:00:00,ETHUSDT,0.0001
2021-04-29 00:00:00,ETHUSDT,0.0001
2021-04-28 16:00:00,ETHUSDT,0.00010367
2021-04-28 08:00:00,ETHUSDT,0.00014106
2021-04-28 00:00:00,ETHUSDT,0.00016617
2021-04-27 16:00:00,ETHUSDT,0.0001
2021-04-27 08:00:00,ETHUSDT,0.0001
2021-04-27 00:00:00,ETHUSDT,0.0001
2021-04-26 16:00:00,ETHUSDT,0.0001
2021-04-26 08:00:00,ETHUSDT,0.0001
2021-04-26 00:00:00,ETHUSDT,0.0001
2021-04-25 16:00:00,ETHUSDT,0.0002837
2021-04-25 08:00:00,ETHUSDT,0.0001
2021-04-25 00:00:00,ETHUSDT,0.0001
2021-04-24 16:00:00,ETHUSDT,0.00015159
2021-04-24 08:00:00,ETHUSDT,0.00027828
2021-04-24 00:00:00,ETHUSDT,0.00072079
2021-04-23 16:00:00,ETHUSDT,0.00078509
2021-04-23 08:00:00,ETHUSDT,0.00033318
2021-04-23 00:00:00,ETHUSDT,0.0001
2021-04-22 16:00:00,ETHUSDT,0.0001
2021-04-22 08:00:00,ETHUSDT,0.0001
2021-04-22 00:00:00,ETHUSDT,0.0001
2021-04-21 16:00:00,ETHUSDT,0.0001
2021-04-21 08:00:00,ETHUSDT,0.0001
2021-04-21 00:00:00,ETHUSDT,0.0001
2021-04-20 16:00:00,ETHUSDT,0.0001
2021-04-20 08:00:00,ETHUSDT,0.0001
2021-04-20 00:00:00,ETHUSDT,0.00017023
2021-04-19 16:00:00,ETHUSDT,0.0001
2021-04-19 08:00:00,ETHUSDT,0.0001
2021-04-19 00:00:00,ETHUSDT,0.00031717
2021-04-18 16:00:00,ETHUSDT,0.00026884
2021-04-18 08:00:00,ETHUSDT,0.00071592
2021-04-18 00:00:00,ETHUSDT,0.00054846
2021-04-17 16:00:00,ETHUSDT,0.0006374
2021-04-17 08:00:00,ETHUSDT,0.00075733
2021-04-17 00:00:00,ETHUSDT,0.00104954
2021-04-16 16:00:00,ETHUSDT,0.00105554
2021-04-16 08:00:00,ETHUSDT,0.00095456
2021-04-16 00:00:00,ETHUSDT,0.00078506
2021-04-15 16:00:00,ETHUSDT,0.00084618
2021-04-15 08:00:00,ETHUSDT,0.00099494
2021-04-15 00:00:00,ETHUSDT,0.0012666
2021-04-14 16:00:00,ETHUSDT,0.00158538
2021-04-14 08:00:00,ETHUSDT,0.00124748
2021-04-14 00:00:00,ETHUSDT,0.00142072
2021-04-13 16:00:00,ETHUSDT,0.00075309
2021-04-13 08:00:00,ETHUSDT,0.00051892
2021-04-13 00:00:00,ETHUSDT,0.00099122
2021-04-12 16:00:00,ETHUSDT,0.00114219
2021-04-12 08:00:00,ETHUSDT,0.00079867
2021-04-12 00:00:00,ETHUSDT,0.00073703
2021-04-11 16:00:00,ETHUSDT,0.00076747
2021-04-11 08:00:00,ETHUSDT,0.00098643
2021-04-11 00:00:00,ETHUSDT,0.00160718
2021-04-10 16:00:00,ETHUSDT,0.00115615
2021-04-10 08:00:00,ETHUSDT,0.0001
2021-04-10 00:00:00,ETHUSDT,0.00031411
2021-04-09 16:00:00,ETHUSDT,0.00015494
2021-04-09 08:00:00,ETHUSDT,0.0001
2021-04-09 00:00:00,ETHUSDT,0.0001
2021-04-08 16:00:00,ETHUSDT,0.00012121
2021-04-08 08:00:00,ETHUSDT,0.00013499
2021-04-08 00:00:00,ETHUSDT,0.00040274
2021-04-07 16:00:00,ETHUSDT,0.0005417
2021-04-07 08:00:00,ETHUSDT,0.00048608
2021-04-07 00:00:00,ETHUSDT,0.00074152
2021-04-06 16:00:00,ETHUSDT,0.00077826
2021-04-06 08:00:00,ETHUSDT,0.00108022
2021-04-06 00:00:00,ETHUSDT,0.00062954
2021-04-05 16:00:00,ETHUSDT,0.00072126
2021-04-05 08:00:00,ETHUSDT,0.00089218
2021-04-05 00:00:00,ETHUSDT,0.0011181
2021-04-04 16:00:00,ETHUSDT,0.00136043
2021-04-04 08:00:00,ETHUSDT,0.00056894
2021-04-04 00:00:00,ETHUSDT,0.00093684
2021-04-03 16:00:00,ETHUSDT,0.00120803
2021-04-03 08:00:00,ETHUSDT,0.00091436
2021-04-03 00:00:00,ETHUSDT,0.00135536
2021-04-02 16:00:00,ETHUSDT,0.00087385
2021-04-02 08:00:00,ETHUSDT,0.00050843
2021-04-02 00:00:00,ETHUSDT,0.00069773
2021-04-01 16:00:00,ETHUSDT,0.00096974
2021-04-01 08:00:00,ETHUSDT,0.00099526
2021-04-01 00:00:00,ETHUSDT,0.00053572
2021-03-31 16:00:00,ETHUSDT,0.00076093
2021-03-31 08:00:00,ETHUSDT,0.00052207
2021-03-31 00:00:00,ETHUSDT,0.00047448
2021-03-30 16:00:00,ETHUSDT,0.00057326
2021-03-30 08:00:00,ETHUSDT,0.00061159
2021-03-30 00:00:00,ETHUSDT,0.00061262
2021-03-29 16:00:00,ETHUSDT,0.00017914
2021-03-29 08:00:00,ETHUSDT,0.0001
2021-03-29 00:00:00,ETHUSDT,0.00021016
2021-03-28 16:00:00,ETHUSDT,0.00014327
2021-03-28 08:00:00,ETHUSDT,0.00010207
2021-03-28 00:00:00,ETHUSDT,0.0001466
2021-03-27 16:00:00,ETHUSDT,0.0001
2021-03-27 08:00:00,ETHUSDT,0.0001
2021-03-27 00:00:00,ETHUSDT,0.00011329
2021-03-26 16:00:00,ETHUSDT,0.00034709
2021-03-26 08:00:00,ETHUSDT,0.000508
2021-03-26 00:00:00,ETHUSDT,0.00012568
2021-03-25 16:00:00,ETHUSDT,0.0001
2021-03-25 08:00:00,ETHUSDT,0.00015728
2021-03-25 00:00:00,ETHUSDT,0.00016195
2021-03-24 16:00:00,ETHUSDT,0.00013902
2021-03-24 08:00:00,ETHUSDT,0.00027587
2021-03-24 00:00:00,ETHUSDT,0.00015945
2021-03-23 16:00:00,ETHUSDT,0.0001
2021-03-23 08:00:00,ETHUSDT,0.0001
2021-03-23 00:00:00,ETHUSDT,0.00031794
2021-03-22 16:00:00,ETHUSDT,0.00028301
2021-03-22 08:00:00,ETHUSDT,0.00053296
2021-03-22 00:00:00,ETHUSDT,0.00033585
2021-03-21 16:00:00,ETHUSDT,0.00031201
2021-03-21 08:00:00,ETHUSDT,0.00066516
2021-03-21 00:00:00,ETHUSDT,0.00071525
2021-03-20 16:00:00,ETHUSDT,0.00042549
2021-03-20 08:00:00,ETHUSDT,0.0003814
2021-03-20 00:00:00,ETHUSDT,0.00015265
2021-03-19 16:00:00,ETHUSDT,0.0001
2021-03-19 08:00:00,ETHUSDT,0.00020127
2021-03-19 00:00:00,ETHUSDT,0.00050897
2021-03-18 16:00:00,ETHUSDT,0.00060846
2021-03-18 08:00:00,ETHUSDT,0.00060852
2021-03-18 00:00:00,ETHUSDT,0.00013785
2021-03-17 16:00:00,ETHUSDT,0.00024498
2021-03-17 08:00:00,ETHUSDT,0.00034907
2021-03-17 00:00:00,ETHUSDT,0.00020607
2021-03-16 16:00:00,ETHUSDT,0.00026705
2021-03-16 08:00:00,ETHUSDT,0.00023945
2021-03-16 00:00:00,ETHUSDT,0.00073982
2021-03-15 16:00:00,ETHUSDT,0.00110178
2021-03-15 08:00:00,ETHUSDT,0.00114954
2021-03-15 00:00:00,ETHUSDT,0.00123821
2021-03-14 16:00:00,ETHUSDT,0.00143589
2021-03-14 08:00:00,ETHUSDT,0.00162517
2021-03-14 00:00:00,ETHUSDT,0.00111019
2021-03-13 16:00:00,ETHUSDT,0.00044088
2021-03-13 08:00:00,ETHUSDT,0.00045214
2021-03-13 00:00:00,ETHUSDT,0.00046915
2021-03-12 16:00:00,ETHUSDT,0.00076273
2021-03-12 08:00:00,ETHUSDT,0.00105737
2021-03-12 00:00:00,ETHUSDT,0.00069625
2021-03-11 16:00:00,ETHUSDT,0.00056905
2021-03-11 08:00:00,ETHUSDT,0.00079085
2021-03-11 00:00:00,ETHUSDT,0.00074809
2021-03-10 16:00:00,ETHUSDT,0.00051175
2021-03-10 08:00:00,ETHUSDT,0.00055582
2021-03-10 00:00:00,ETHUSDT,0.00079783
2021-03-09 16:00:00,ETHUSDT,0.00043032
2021-03-09 08:00:00,ETHUSDT,0.0001
2021-03-09 00:00:00,ETHUSDT,0.00023844
2021-03-08 16:00:00,ETHUSDT,0.00012102
2021-03-08 08:00:00,ETHUSDT,0.0001
2021-03-08 00:00:00,ETHUSDT,0.00020408
2021-03-07 16:00:00,ETHUSDT,0.0001
2021-03-07 08:00:00,ETHUSDT,0.00034766
2021-03-07 00:00:00,ETHUSDT,0.00030576
2021-03-06 16:00:00,ETHUSDT,0.00026436
2021-03-06 08:00:00,ETHUSDT,0.00013218
2021-03-06 00:00:00,ETHUSDT,0.0001
2021-03-05 16:00:00,ETHUSDT,0.0001
2021-03-05 08:00:00,ETHUSDT,0.00011223
2021-03-05 00:00:00,ETHUSDT,0.00014608
2021-03-04 16:00:00,ETHUSDT,0.00012299
2021-03-04 08:00:00,ETHUSDT,0.0003776
2021-03-04 00:00:00,ETHUSDT,0.00039016
2021-03-03 16:00:00,ETHUSDT,0.0001
2021-03-03 08:00:00,ETHUSDT,0.0001
2021-03-03 00:00:00,ETHUSDT,0.00010483
2021-03-02 16:00:00,ETHUSDT,0.00014661
2021-03-02 08:00:00,ETHUSDT,0.00019702
2021-03-02 00:00:00,ETHUSDT,0.00016216
2021-03-01 16:00:00,ETHUSDT,0.0001
2021-03-01 08:00:00,ETHUSDT,0.0001
2021-03-01 00:00:00,ETHUSDT,0.0001
2021-02-28 16:00:00,ETHUSDT,0.0001
2021-02-28 08:00:00,ETHUSDT,0.0001
2021-02-28 00:00:00,ETHUSDT,0.0001
2021-02-27 16:00:00,ETHUSDT,0.00035622
2021-02-27 08:00:00,ETHUSDT,0.0001
2021-02-27 00:00:00,ETHUSDT,0.00013779
2021-02-26 16:00:00,ETHUSDT,0.0001
2021-02-26 08:00:00,ETHUSDT,0.0001
2021-02-26 00:00:00,ETHUSDT,0.0001
2021-02-25 16:00:00,ETHUSDT,0.00011826
2021-02-25 08:00:00,ETHUSDT,0.00022884
2021-02-25 00:00:00,ETHUSDT,0.0001
2021-02-24 16:00:00,ETHUSDT,0.00014754
2021-02-24 08:00:00,ETHUSDT,0.0001
2021-02-24 00:00:00,ETHUSDT,0.0001
2021-02-23 16:00:00,ETHUSDT,0.00021526
2021-02-23 08:00:00,ETHUSDT,0.00023661
2021-02-23 00:00:00,ETHUSDT,0.00087057
2021-02-22 16:00:00,ETHUSDT,0.00076097
2021-02-22 08:00:00,ETHUSDT,0.00118186
2021-02-22 00:00:00,ETHUSDT,0.0014577
2021-02-21 16:00:00,ETHUSDT,0.00122471
2021-02-21 08:00:00,ETHUSDT,0.00174305
2021-02-21 00:00:00,ETHUSDT,0.00218604
2021-02-20 16:00:00,ETHUSDT,0.00218499
2021-02-20 08:00:00,ETHUSDT,0.00254403
2021-02-20 00:00:00,ETHUSDT,0.00193253
2021-02-19 16:00:00,ETHUSDT,0.00144098
2021-02-19 08:00:00,ETHUSDT,0.00152027
2021-02-19 00:00:00,ETHUSDT,0.00242141
2021-02-18 16:00:00,ETHUSDT,0.00287299
2021-02-18 08:00:00,ETHUSDT,0.00283802
2021-02-18 00:00:00,ETHUSDT,0.0028328
2021-02-17 16:00:00,ETHUSDT,0.00194229
2021-02-17 08:00:00,ETHUSDT,0.00180654
2021-02-17 00:00:00,ETHUSDT,0.00186263
2021-02-16 16:00:00,ETHUSDT,0.00146367
2021-02-16 08:00:00,ETHUSDT,0.00117218
2021-02-16 00:00:00,ETHUSDT,0.00095774
2021-02-15 16:00:00,ETHUSDT,0.00117331
2021-02-15 08:00:00,ETHUSDT,0.00159925
2021-02-15 00:00:00,ETHUSDT,0.0019204
2021-02-14 16:00:00,ETHUSDT,0.00181665
2021-02-14 08:00:00,ETHUSDT,0.00141904
2021-02-14 00:00:00,ETHUSDT,0.00168413
2021-02-13 16:00:00,ETHUSDT,0.00276189
2021-02-13 08:00:00,ETHUSDT,0.00268403
2021-02-13 00:00:00,ETHUSDT,0.00163387
2021-02-12 16:00:00,ETHUSDT,0.00108069
2021-02-12 08:00:00,ETHUSDT,0.00139845
2021-02-12 00:00:00,ETHUSDT,0.00148732
2021-02-11 16:00:00,ETHUSDT,0.00078662
2021-02-11 08:00:00,ETHUSDT,0.00115044
2021-02-11 00:00:00,ETHUSDT,0.0021255
2021-02-10 16:00:00,ETHUSDT,0.00262915
2021-02-10 08:00:00,ETHUSDT,0.00251418
2021-02-10 00:00:00,ETHUSDT,0.00307945
2021-02-09 16:00:00,ETHUSDT,0.00351752
2021-02-09 08:00:00,ETHUSDT,0.0033594
2021-02-09 00:00:00,ETHUSDT,0.00229402
2021-02-08 16:00:00,ETHUSDT,0.00019266
2021-02-08 08:00:00,ETHUSDT,0.0001
2021-02-08 00:00:00,ETHUSDT,0.00104332
2021-02-07 16:00:00,ETHUSDT,0.00132934
2021-02-07 08:00:00,ETHUSDT,0.00202334
2021-02-07 00:00:00,ETHUSDT,0.00170142
2021-02-06 16:00:00,ETHUSDT,0.00155308
2021-02-06 08:00:00,ETHUSDT,0.00193768
2021-02-06 00:00:00,ETHUSDT,0.00217485
2021-02-05 16:00:00,ETHUSDT,0.00191542
2021-02-05 08:00:00,ETHUSDT,0.00188481
2021-02-05 00:00:00,ETHUSDT,0.00215782
2021-02-04 16:00:00,ETHUSDT,0.00210891
2021-02-04 08:00:00,ETHUSDT,0.00221333
2021-02-04 00:00:00,ETHUSDT,0.00268662
2021-02-03 16:00:00,ETHUSDT,0.00290019
2021-02-03 08:00:00,ETHUSDT,0.00242595
2021-02-03 00:00:00,ETHUSDT,0.00202471
2021-02-02 16:00:00,ETHUSDT,0.00126403
2021-02-02 08:00:00,ETHUSDT,0.0004151
2021-02-02 00:00:00,ETHUSDT,0.00060633
2021-02-01 16:00:00,ETHUSDT,0.00033673
2021-02-01 08:00:00,ETHUSDT,0.00042485
2021-02-01 00:00:00,ETHUSDT,0.00098384
2021-01-31 16:00:00,ETHUSDT,0.00125302
2021-01-31 08:00:00,ETHUSDT,0.00117289
2021-01-31 00:00:00,ETHUSDT,0.0008813
2021-01-30 16:00:00,ETHUSDT,0.00151236
2021-01-30 08:00:00,ETHUSDT,0.00229272
2021-01-30 00:00:00,ETHUSDT,0.00264513
2021-01-29 16:00:00,ETHUSDT,0.00092632
2021-01-29 08:00:00,ETHUSDT,0.00086464
2021-01-29 00:00:00,ETHUSDT,0.00027915
2021-01-28 16:00:00,ETHUSDT,0.0001
2021-01-28 08:00:00,ETHUSDT,0.0001
2021-01-28 00:00:00,ETHUSDT,0.0001
2021-01-27 16:00:00,ETHUSDT,0.0001
2021-01-27 08:00:00,ETHUSDT,0.0001
2021-01-27 00:00:00,ETHUSDT,0.0001
2021-01-26 16:00:00,ETHUSDT,0.0002431
2021-01-26 08:00:00,ETHUSDT,0.00060344
2021-01-26 00:00:00,ETHUSDT,0.00114286
2021-01-25 16:00:00,ETHUSDT,0.00121105
2021-01-25 08:00:00,ETHUSDT,0.00060054
2021-01-25 00:00:00,ETHUSDT,0.0008162
2021-01-24 16:00:00,ETHUSDT,0.0005103
2021-01-24 08:00:00,ETHUSDT,0.00078029
2021-01-24 00:00:00,ETHUSDT,0.0001009
2021-01-23 16:00:00,ETHUSDT,0.0001
2021-01-23 08:00:00,ETHUSDT,0.0001
2021-01-23 00:00:00,ETHUSDT,0.0001
2021-01-22 16:00:00,ETHUSDT,0.0001
2021-01-22 08:00:00,ETHUSDT,0.00018394
2021-01-22 00:00:00,ETHUSDT,0.0002003
2021-01-21 16:00:00,ETHUSDT,0.000527
2021-01-21 08:00:00,ETHUSDT,0.00028678
2021-01-21 00:00:00,ETHUSDT,0.00085571
2021-01-20 16:00:00,ETHUSDT,0.00171093
2021-01-20 08:00:00,ETHUSDT,0.00273227
2021-01-20 00:00:00,ETHUSDT,0.00294463
2021-01-19 16:00:00,ETHUSDT,0.00224006
2021-01-19 08:00:00,ETHUSDT,0.00117208
2021-01-19 00:00:00,ETHUSDT,0.00080829
2021-01-18 16:00:00,ETHUSDT,0.00058408
2021-01-18 08:00:00,ETHUSDT,0.00095312
2021-01-18 00:00:00,ETHUSDT,0.00071927
2021-01-17 16:00:00,ETHUSDT,0.00128478
2021-01-17 08:00:00,ETHUSDT,0.0014974
2021-01-17 00:00:00,ETHUSDT,0.00113045
2021-01-16 16:00:00,ETHUSDT,0.0001534
2021-01-16 08:00:00,ETHUSDT,0.00021172
2021-01-16 00:00:00,ETHUSDT,0.00068216
2021-01-15 16:00:00,ETHUSDT,0.00059983
2021-01-15 08:00:00,ETHUSDT,0.00027089
2021-01-15 00:00:00,ETHUSDT,0.00071389
2021-01-14 16:00:00,ETHUSDT,0.00061791
2021-01-14 08:00:00,ETHUSDT,0.00053539
2021-01-14 00:00:00,ETHUSDT,0.0004514
2021-01-13 16:00:00,ETHUSDT,0.0001
2021-01-13 08:00:00,ETHUSDT,0.00038156
2021-01-13 00:00:00,ETHUSDT,0.00037708
2021-01-12 16:00:00,ETHUSDT,0.00021735
2021-01-12 08:00:00,ETHUSDT,0.0001
2021-01-12 00:00:00,ETHUSDT,0.00050518
2021-01-11 16:00:00,ETHUSDT,0.00134316
2021-01-11 08:00:00,ETHUSDT,0.00222279
2021-01-11 00:00:00,ETHUSDT,0.00247206
2021-01-10 16:00:00,ETHUSDT,0.00342683
2021-01-10 08:00:00,ETHUSDT,0.00341863
2021-01-10 00:00:00,ETHUSDT,0.0015309
2021-01-09 16:00:00,ETHUSDT,0.00088534
2021-01-09 08:00:00,ETHUSDT,0.00096385
2021-01-09 00:00:00,ETHUSDT,0.00166752
2021-01-08 16:00:00,ETHUSDT,0.00139912
2021-01-08 08:00:00,ETHUSDT,0.00234802
2021-01-08 00:00:00,ETHUSDT,0.00217841
2021-01-07 16:00:00,ETHUSDT,0.00245918
2021-01-07 08:00:00,ETHUSDT,0.0024849
2021-01-07 00:00:00,ETHUSDT,0.00332283
2021-01-06 16:00:00,ETHUSDT,0.00240987
2021-01-06 08:00:00,ETHUSDT,0.00190422
2021-01-06 00:00:00,ETHUSDT,0.00116087
2021-01-05 16:00:00,ETHUSDT,0.00135342
2021-01-05 08:00:00,ETHUSDT,0.00215247
2021-01-05 00:00:00,ETHUSDT,0.00341387
2021-01-04 16:00:00,ETHUSDT,0.00375
2021-01-04 08:00:00,ETHUSDT,0.00353174
2021-01-04 00:00:00,ETHUSDT,0.00151885
2021-01-03 16:00:00,ETHUSDT,0.00066401
2021-01-03 08:00:00,ETHUSDT,0.00082265
2021-01-03 00:00:00,ETHUSDT,0.00072959
2021-01-02 16:00:00,ETHUSDT,0.0004095
2021-01-02 08:00:00,ETHUSDT,0.00034563
2021-01-02 00:00:00,ETHUSDT,0.00051118
2021-01-01 16:00:00,ETHUSDT,0.0005071
2021-01-01 08:00:00,ETHUSDT,0.00031725
2021-01-01 00:00:00,ETHUSDT,0.00040403
2020-12-31 16:00:00,ETHUSDT,0.00053748
2020-12-31 08:00:00,ETHUSDT,0.00078829
2020-12-31 00:00:00,ETHUSDT,0.00068319
2020-12-30 16:00:00,ETHUSDT,0.00091281
2020-12-30 08:00:00,ETHUSDT,0.00065299
2020-12-30 00:00:00,ETHUSDT,0.0006746
2020-12-29 16:00:00,ETHUSDT,0.00075781
2020-12-29 08:00:00,ETHUSDT,0.00078326
2020-12-29 00:00:00,ETHUSDT,0.00104167
2020-12-28 16:00:00,ETHUSDT,0.00145218
2020-12-28 08:00:00,ETHUSDT,0.00137609
2020-12-28 00:00:00,ETHUSDT,0.000779
2020-12-27 16:00:00,ETHUSDT,0.00066122
2020-12-27 08:00:00,ETHUSDT,0.00050756
2020-12-27 00:00:00,ETHUSDT,0.0001
2020-12-26 16:00:00,ETHUSDT,0.00010924
2020-12-26 08:00:00,ETHUSDT,0.0001
2020-12-26 00:00:00,ETHUSDT,0.0001
2020-12-25 16:00:00,ETHUSDT,0.0001
2020-12-25 08:00:00,ETHUSDT,0.0001
2020-12-25 00:00:00,ETHUSDT,0.0001
2020-12-24 16:00:00,ETHUSDT,0.0001
2020-12-24 08:00:00,ETHUSDT,0.0001
2020-12-24 00:00:00,ETHUSDT,0.00023371
2020-12-23 16:00:00,ETHUSDT,0.00050361
2020-12-23 08:00:00,ETHUSDT,0.00041613
2020-12-23 00:00:00,ETHUSDT,0.00022659
2020-12-22 16:00:00,ETHUSDT,0.00020731
2020-12-22 08:00:00,ETHUSDT,0.00022232
2020-12-22 00:00:00,ETHUSDT,0.00023273
2020-12-21 16:00:00,ETHUSDT,0.00036658
2020-12-21 08:00:00,ETHUSDT,0.00043899
2020-12-21 00:00:00,ETHUSDT,0.00063918
2020-12-20 16:00:00,ETHUSDT,0.00073271
2020-12-20 08:00:00,ETHUSDT,0.00138066
2020-12-20 00:00:00,ETHUSDT,0.00134743
2020-12-19 16:00:00,ETHUSDT,0.00113616
2020-12-19 08:00:00,ETHUSDT,0.00111953
2020-12-19 00:00:00,ETHUSDT,0.00101211
2020-12-18 16:00:00,ETHUSDT,0.00075028
2020-12-18 08:00:00,ETHUSDT,0.00132797
2020-12-18 00:00:00,ETHUSDT,0.00200372
2020-12-17 16:00:00,ETHUSDT,0.00134431
2020-12-17 08:00:00,ETHUSDT,0.00087237
2020-12-17 00:00:00,ETHUSDT,0.00073442
2020-12-16 16:00:00,ETHUSDT,0.0001
2020-12-16 08:00:00,ETHUSDT,0.0001
2020-12-16 00:00:00,ETHUSDT,0.0001
2020-12-15 16:00:00,ETHUSDT,0.0001
2020-12-15 08:00:00,ETHUSDT,0.0001
2020-12-15 00:00:00,ETHUSDT,0.0001
2020-12-14 16:00:00,ETHUSDT,0.0001
2020-12-14 08:00:00,ETHUSDT,0.0001
2020-12-14 00:00:00,ETHUSDT,0.0001
2020-12-13 16:00:00,ETHUSDT,0.0001
2020-12-13 08:00:00,ETHUSDT,0.0001
2020-12-13 00:00:00,ETHUSDT,0.0001
2020-12-12 16:00:00,ETHUSDT,0.0001
2020-12-12 08:00:00,ETHUSDT,0.0001
2020-12-12 00:00:00,ETHUSDT,0.0001
2020-12-11 16:00:00,ETHUSDT,0.00026869
2020-12-11 08:00:00,ETHUSDT,0.00018893
2020-12-11 00:00:00,ETHUSDT,0.0001
2020-12-10 16:00:00,ETHUSDT,0.0001
2020-12-10 08:00:00,ETHUSDT,0.0001
2020-12-10 00:00:00,ETHUSDT,0.0001
2020-12-09 16:00:00,ETHUSDT,0.0001
2020-12-09 08:00:00,ETHUSDT,0.00015268
2020-12-09 00:00:00,ETHUSDT,0.00010312
2020-12-08 16:00:00,ETHUSDT,0.00020141
2020-12-08 08:00:00,ETHUSDT,0.00023273
2020-12-08 00:00:00,ETHUSDT,0.0001
2020-12-07 16:00:00,ETHUSDT,0.0001
2020-12-07 08:00:00,ETHUSDT,0.0001
2020-12-07 00:00:00,ETHUSDT,0.0001
2020-12-06 16:00:00,ETHUSDT,0.0001
2020-12-06 08:00:00,ETHUSDT,0.0001
2020-12-06 00:00:00,ETHUSDT,0.0001
2020-12-05 16:00:00,ETHUSDT,0.0001603
2020-12-05 08:00:00,ETHUSDT,0.0002045
2020-12-05 00:00:00,ETHUSDT,0.0001
2020-12-04 16:00:00,ETHUSDT,0.00027857
2020-12-04 08:00:00,ETHUSDT,0.00041425
2020-12-04 00:00:00,ETHUSDT,0.00059227
2020-12-03 16:00:00,ETHUSDT,0.0001
2020-12-03 08:00:00,ETHUSDT,0.00010134
2020-12-03 00:00:00,ETHUSDT,0.00015496
2020-12-02 16:00:00,ETHUSDT,0.00043711
2020-12-02 08:00:00,ETHUSDT,0.00047638
2020-12-02 00:00:00,ETHUSDT,0.00094996
2020-12-01 16:00:00,ETHUSDT,0.00077458
2020-12-01 08:00:00,ETHUSDT,0.0004922
2020-12-01 00:00:00,ETHUSDT,0.00061057
2020-11-30 16:00:00,ETHUSDT,0.00026744
2020-11-30 08:00:00,ETHUSDT,0.0001
2020-11-30 00:00:00,ETHUSDT,0.0001
2020-11-29 16:00:00,ETHUSDT,0.0001
2020-11-29 08:00:00,ETHUSDT,0.0001
2020-11-29 00:00:00,ETHUSDT,0.0001
2020-11-28 16:00:00,ETHUSDT,0.0001
2020-11-28 08:00:00,ETHUSDT,0.0001
2020-11-28 00:00:00,ETHUSDT,0.0001
2020-11-27 16:00:00,ETHUSDT,0.0001
2020-11-27 08:00:00,ETHUSDT,0.00018528
2020-11-27 00:00:00,ETHUSDT,0.00020616
2020-11-26 16:00:00,ETHUSDT,0.00036442
2020-11-26 08:00:00,ETHUSDT,0.00094016
2020-11-26 00:00:00,ETHUSDT,0.00138034
2020-11-25 16:00:00,ETHUSDT,0.00076488
2020-11-25 08:00:00,ETHUSDT,0.00100391
2020-11-25 00:00:00,ETHUSDT,0.00136957
2020-11-24 16:00:00,ETHUSDT,0.00127134
2020-11-24 08:00:00,ETHUSDT,0.0015308
2020-11-24 00:00:00,ETHUSDT,0.00186322
2020-11-23 16:00:00,ETHUSDT,0.00187804
2020-11-23 08:00:00,ETHUSDT,0.00186592
2020-11-23 00:00:00,ETHUSDT,0.00116806
2020-11-22 16:00:00,ETHUSDT,0.00142431
2020-11-22 08:00:00,ETHUSDT,0.00108813
2020-11-22 00:00:00,ETHUSDT,0.0006687
2020-11-21 16:00:00,ETHUSDT,0.00040078
2020-11-21 08:00:00,ETHUSDT,0.00066013
2020-11-21 00:00:00,ETHUSDT,0.00109418
2020-11-20 16:00:00,ETHUSDT,0.00060391
2020-11-20 08:00:00,ETHUSDT,0.00038685
2020-11-20 00:00:00,ETHUSDT,0.00053327
2020-11-19 16:00:00,ETHUSDT,0.00071878
2020-11-19 08:00:00,ETHUSDT,0.00060984
2020-11-19 00:00:00,ETHUSDT,0.00085109
2020-11-18 16:00:00,ETHUSDT,0.00130319
2020-11-18 08:00:00,ETHUSDT,0.00125454
2020-11-18 00:00:00,ETHUSDT,0.00079836
2020-11-17 16:00:00,ETHUSDT,0.00080221
2020-11-17 08:00:00,ETHUSDT,0.0006653
2020-11-17 00:00:00,ETHUSDT,0.00057464
2020-11-16 16:00:00,ETHUSDT,0.00050466
2020-11-16 08:00:00,ETHUSDT,0.00052668
2020-11-16 00:00:00,ETHUSDT,0.00069352
2020-11-15 16:00:00,ETHUSDT,0.00037866
2020-11-15 08:00:00,ETHUSDT,0.00041894
2020-11-15 00:00:00,ETHUSDT,0.0005427
2020-11-14 16:00:00,ETHUSDT,0.00073787
2020-11-14 08:00:00,ETHUSDT,0.00077266
2020-11-14 00:00:00,ETHUSDT,0.00065348
2020-11-13 16:00:00,ETHUSDT,0.00037259
2020-11-13 08:00:00,ETHUSDT,0.00048928
2020-11-13 00:00:00,ETHUSDT,0.00056997
2020-11-12 16:00:00,ETHUSDT,0.00039396
2020-11-12 08:00:00,ETHUSDT,0.00042175
2020-11-12 00:00:00,ETHUSDT,0.00045698
2020-11-11 16:00:00,ETHUSDT,0.0006823
2020-11-11 08:00:00,ETHUSDT,0.00079846
2020-11-11 00:00:00,ETHUSDT,0.00054043
2020-11-10 16:00:00,ETHUSDT,0.00020313
2020-11-10 08:00:00,ETHUSDT,0.00012136
2020-11-10 00:00:00,ETHUSDT,0.00031246
2020-11-09 16:00:00,ETHUSDT,0.00040311
2020-11-09 08:00:00,ETHUSDT,0.00048197
2020-11-09 00:00:00,ETHUSDT,0.00039222
2020-11-08 16:00:00,ETHUSDT,0.00021327
2020-11-08 08:00:00,ETHUSDT,0.00024925
2020-11-08 00:00:00,ETHUSDT,0.00072146
2020-11-07 16:00:00,ETHUSDT,0.00103951
2020-11-07 08:00:00,ETHUSDT,0.00055856
2020-11-07 00:00:00,ETHUSDT,0.00088143
2020-11-06 16:00:00,ETHUSDT,0.00132615
2020-11-06 08:00:00,ETHUSDT,0.00098266
2020-11-06 00:00:00,ETHUSDT,0.00089952
2020-11-05 16:00:00,ETHUSDT,0.0014097
2020-11-05 08:00:00,ETHUSDT,0.00138034
2020-11-05 00:00:00,ETHUSDT,0.0001
2020-11-04 16:00:00,ETHUSDT,0.0001
2020-11-04 08:00:00,ETHUSDT,0.00016181
2020-11-04 00:00:00,ETHUSDT,0.0001
2020-11-03 16:00:00,ETHUSDT,0.0001
2020-11-03 08:00:00,ETHUSDT,0.00058716
2020-11-03 00:00:00,ETHUSDT,0.00025355
2020-11-02 16:00:00,ETHUSDT,0.00086948
2020-11-02 08:00:00,ETHUSDT,0.00043575
2020-11-02 00:00:00,ETHUSDT,0.00025097
2020-11-01 16:00:00,ETHUSDT,0.00011412
2020-11-01 08:00:00,ETHUSDT,0.00041797
2020-11-01 00:00:00,ETHUSDT,0.00019491
2020-10-31 16:00:00,ETHUSDT,0.0001
2020-10-31 08:00:00,ETHUSDT,0.0001
2020-10-31 00:00:00,ETHUSDT,0.0001
2020-10-30 16:00:00,ETHUSDT,0.0001
2020-10-30 08:00:00,ETHUSDT,0.0001
2020-10-30 00:00:00,ETHUSDT,0.0001
2020-10-29 16:00:00,ETHUSDT,0.0001
2020-10-29 08:00:00,ETHUSDT,0.0001
2020-10-29 00:00:00,ETHUSDT,0.0001
2020-10-28 16:00:00,ETHUSDT,0.00033981
2020-10-28 08:00:00,ETHUSDT,0.00046131
2020-10-28 00:00:00,ETHUSDT,0.00031619
2020-10-27 16:00:00,ETHUSDT,0.0001
2020-10-27 08:00:00,ETHUSDT,0.0001
2020-10-27 00:00:00,ETHUSDT,0.00014078
2020-10-26 16:00:00,ETHUSDT,0.0001
2020-10-26 08:00:00,ETHUSDT,0.0001
2020-10-26 00:00:00,ETHUSDT,0.0001
2020-10-25 16:00:00,ETHUSDT,0.0001
2020-10-25 08:00:00,ETHUSDT,0.00019589
2020-10-25 00:00:00,ETHUSDT,0.0001
2020-10-24 16:00:00,ETHUSDT,0.0001
2020-10-24 08:00:00,ETHUSDT,0.00024027
2020-10-24 00:00:00,ETHUSDT,0.00015792
2020-10-23 16:00:00,ETHUSDT,0.00036178
2020-10-23 08:00:00,ETHUSDT,0.00046995
2020-10-23 00:00:00,ETHUSDT,0.00065881
2020-10-22 16:00:00,ETHUSDT,0.00099461
2020-10-22 08:00:00,ETHUSDT,0.0009864
2020-10-22 00:00:00,ETHUSDT,0.00034562
2020-10-21 16:00:00,ETHUSDT,0.0001
2020-10-21 08:00:00,ETHUSDT,0.0001
